position,amplitude
0.0,0.9636
0.001,0.82263
0.002,0.58331
0.003,0.29954
0.004,-0.03554
0.005,-0.36412
0.006,-0.65209
0.007,-0.85089
0.008,-0.98487
0.009,-0.99174
0.01,-0.89358
0.011,-0.70316
0.012,-0.4179
0.013,-0.11465
0.014,0.22631
0.015,0.51981
0.016,0.78731
0.017,0.9359
0.018,0.9974
0.019,0.94397
0.02,0.80028
0.021,0.54933
0.022,0.25687
0.023,-0.09023
0.024,-0.40099
0.025,-0.66963
0.026,-0.88231
0.027,-0.98701
0.028,-0.98496
0.029,-0.88309
0.03,-0.66268
0.031,-0.39446
0.032,-0.06393
0.033,0.25966
0.034,0.56307
0.035,0.79927
0.036,0.95039
0.037,0.99758
0.038,0.9437
0.039,0.77194
0.04,0.51881
0.041,0.2121
0.042,-0.12896
0.043,-0.44043
0.044,-0.71753
0.045,-0.8948
0.046,-1.00097
0.047,-0.9761
0.048,-0.84472
0.049,-0.63029
0.05,-0.34046
0.051,-0.01712
0.052,0.30365
0.053,0.59265
0.054,0.82832
0.055,0.96784
0.056,1.00363
0.057,0.92175
0.058,0.74745
0.059,0.47225
0.06,0.15481
0.061,-0.16855
0.062,-0.48084
0.063,-0.74014
0.064,-0.91527
0.065,-1.00266
0.066,-0.96127
0.067,-0.835
0.068,-0.59246
0.069,-0.301
0.07,0.03076
0.071,0.34388
0.072,0.64508
0.073,0.84866
0.074,0.97705
0.075,1.00282
0.076,0.89907
0.077,0.70653
0.078,0.44175
0.079,0.11283
0.08,-0.21903
0.081,-0.5237
0.082,-0.77488
0.083,-0.93777
0.084,-1.00922
0.085,-0.94844
0.086,-0.79929
0.087,-0.56376
0.088,-0.25595
0.089,0.07221
0.09,0.3973
0.091,0.66419
0.092,0.87265
0.093,0.98935
0.094,0.98913
0.095,0.87832
0.096,0.67134
0.097,0.39956
0.098,0.0756
0.099,-0.26286
0.1,-0.54624
0.101,-0.80607
0.102,-0.94266
0.103,-0.99879
0.104,-0.94036
0.105,-0.77215
0.106,-0.53103
0.107,-0.22798
0.108,0.10761
0.109,0.43783
0.11,0.69537
0.111,0.89181
0.112,0.98815
0.113,0.97759
0.114,0.85889
0.115,0.64426
0.116,0.35558
0.117,0.03991
0.118,-0.28795
0.119,-0.5991
0.12,-0.81511
0.121,-0.96552
0.122,-0.99824
0.123,-0.93112
0.124,-0.74196
0.125,-0.48893
0.126,-0.17978
0.127,0.15984
0.128,0.46478
0.129,0.73587
0.13,0.90651
0.131,1.00439
0.132,0.97478
0.133,0.83641
0.134,0.6169
0.135,0.30818
0.136,-0.01915
0.137,-0.33778
0.138,-0.61904
0.139,-0.85218
0.14,-0.97616
0.141,-0.99361
0.142,-0.90086
0.143,-0.72641
0.144,-0.45037
0.145,-0.12347
0.146,0.20656
0.147,0.5004
0.148,0.77059
0.149,0.941
0.15,0.99463
0.151,0.94897
0.152,0.80098
0.153,0.57274
0.154,0.27813
0.155,-0.05473
0.156,-0.37476
0.157,-0.66674
0.158,-0.86361
0.159,-0.99012
0.16,-0.99155
0.161,-0.89035
0.162,-0.6826
0.163,-0.41764
0.164,-0.08626
0.165,0.24915
0.166,0.54549
0.167,0.78387
0.168,0.95474
0.169,0.99347
0.17,0.93719
0.171,0.78407
0.172,0.53024
0.173,0.23425
0.174,-0.10536
0.175,-0.42669
0.176,-0.70125
0.177,-0.88351
0.178,-0.98523
0.179,-0.97736
0.18,-0.85859
0.181,-0.65905
0.182,-0.36843
0.183,-0.03813
0.184,0.27619
0.185,0.57758
0.186,0.8151
0.187,0.95407
0.188,0.99071
0.189,0.93401
0.19,0.76099
0.191,0.49006
0.192,0.19436
0.193,-0.15047
0.194,-0.45795
0.195,-0.7291
0.196,-0.90442
0.197,-1.00114
0.198,-0.97414
0.199,-0.84313
0.2,-0.62802
0.201,-0.33358
0.202,-0.01082
0.203,0.32607
0.204,0.61687
0.205,0.8483
0.206,0.97138
0.207,1.00262
0.208,0.91939
0.209,0.72079
0.21,0.46126
0.211,0.14334
0.212,-0.18656
0.213,-0.49641
0.214,-0.74595
0.215,-0.92373
0.216,-1.00307
0.217,-0.96943
0.218,-0.8099
0.219,-0.58056
0.22,-0.28801
0.221,0.04409
0.222,0.3761
0.223,0.64181
0.224,0.86192
0.225,0.97223
0.226,0.98741
0.227,0.88269
0.228,0.68689
0.229,0.42191
0.23,0.10906
0.231,-0.23448
0.232,-0.54148
0.233,-0.77705
0.234,-0.93816
0.235,-1.00485
0.236,-0.9498
0.237,-0.78525
0.238,-0.54265
0.239,-0.24819
0.24,0.08101
0.241,0.4065
0.242,0.67852
0.243,0.88174
0.244,0.98449
0.245,0.97521
0.246,0.86774
0.247,0.66082
0.248,0.38998
0.249,0.06056
0.25,-0.28052
0.251,-0.57739
0.252,-0.79913
0.253,-0.95533
0.254,-0.99388
0.255,-0.92435
0.256,-0.76283
0.257,-0.5094
0.258,-0.21054
0.259,0.129
0.26,0.4376
0.261,0.71617
0.262,0.91049
0.263,1.00184
0.264,0.98165
0.265,0.85093
0.266,0.63225
0.267,0.33529
0.268,0.00989
0.269,-0.31422
0.27,-0.61098
0.271,-0.8279
0.272,-0.96603
0.273,-0.99203
0.274,-0.91939
0.275,-0.73664
0.276,-0.47889
0.277,-0.15929
0.278,0.1718
0.279,0.47664
0.28,0.74911
0.281,0.92907
0.282,0.99664
0.283,0.96646
0.284,0.82487
0.285,0.60223
0.286,0.29257
0.287,-0.03276
0.288,-0.35672
0.289,-0.63262
0.29,-0.85805
0.291,-0.98047
0.292,-0.98223
0.293,-0.89303
0.294,-0.71142
0.295,-0.44102
0.296,-0.11553
0.297,0.22702
0.298,0.52894
0.299,0.772
0.3,0.93701
0.301,1.00891
0.302,0.95132
0.303,0.79622
0.304,0.55996
0.305,0.24819
0.306,-0.06772
0.307,-0.39061
0.308,-0.67785
0.309,-0.8836
0.31,-0.99543
0.311,-0.99389
0.312,-0.87504
0.313,-0.67107
0.314,-0.39586
0.315,-0.06608
0.316,0.26326
0.317,0.55548
0.318,0.79186
0.319,0.95843
0.32,0.9933
0.321,0.94251
0.322,0.76247
0.323,0.52542
0.324,0.21281
0.325,-0.12673
0.326,-0.44036
0.327,-0.69878
0.328,-0.88993
0.329,-0.99276
0.33,-0.98027
0.331,-0.84889
0.332,-0.63853
0.333,-0.34957
0.334,-0.02696
0.335,0.29876
0.336,0.60488
0.337,0.82233
0.338,0.96658
0.339,0.98983
0.34,0.92259
0.341,0.73644
0.342,0.48832
0.343,0.1642
0.344,-0.16265
0.345,-0.46754
0.346,-0.73755
0.347,-0.92078
0.348,-0.99514
0.349,-0.96642
0.35,-0.82406
0.351,-0.61323
0.352,-0.31745
0.353,0.01555
0.354,0.34846
0.355,0.62934
0.356,0.8482
0.357,0.97868
0.358,0.99258
0.359,0.91122
0.36,0.70668
0.361,0.43726
0.362,0.12773
0.363,-0.21093
0.364,-0.5126
0.365,-0.76417
0.366,-0.93817
0.367,-1.00756
0.368,-0.95016
0.369,-0.80129
0.37,-0.57405
0.371,-0.26367
0.372,0.05393
0.373,0.38418
0.374,0.66592
0.375,0.8779
0.376,0.99129
0.377,0.97872
0.378,0.88398
0.379,0.68544
0.38,0.40016
0.381,0.0844
0.382,-0.25425
0.383,-0.54685
0.384,-0.7931
0.385,-0.94674
0.386,-0.99016
0.387,-0.94636
0.388,-0.77206
0.389,-0.5379
0.39,-0.22823
0.391,0.10412
0.392,0.42432
0.393,0.69136
0.394,0.88968
0.395,0.99906
0.396,0.97835
0.397,0.85793
0.398,0.64402
0.399,0.37141
0.4,0.03752
0.401,-0.30009
0.402,-0.58772
0.403,-0.81882
0.404,-0.9714
0.405,-0.99089
0.406,-0.92663
0.407,-0.76053
0.408,-0.48529
0.409,-0.18817
0.41,0.158
0.411,0.46598
0.412,0.72693
0.413,0.90244
0.414,1.00162
0.415,0.97608
0.416,0.84296
0.417,0.62075
0.418,0.32467
0.419,0.00319
0.42,-0.33238
0.421,-0.62522
0.422,-0.85027
0.423,-0.96553
0.424,-0.99041
0.425,-0.91249
0.426,-0.72445
0.427,-0.45428
0.428,-0.13221
0.429,0.18877
0.43,0.49423
0.431,0.75303
0.432,0.92317
0.433,0.99225
0.434,0.95541
0.435,0.8129
0.436,0.57825
0.437,0.28122
0.438,-0.04027
0.439,-0.3745
0.44,-0.65649
0.441,-0.85835
0.442,-0.97975
0.443,-0.98434
0.444,-0.88625
0.445,-0.68961
0.446,-0.4213
0.447,-0.10006
0.448,0.24068
0.449,0.53672
0.45,0.77741
0.451,0.94881
0.452,0.99207
0.453,0.94632
0.454,0.78815
0.455,0.53327
0.456,0.22799
0.457,-0.09725
0.458,-0.41896
0.459,-0.68202
0.46,-0.89124
0.461,-0.99516
0.462,-0.98198
0.463,-0.8592
0.464,-0.65958
0.465,-0.38344
0.466,-0.05523
0.467,0.28492
0.468,0.5728
0.469,0.82106
0.47,0.94892
0.471,0.99513
0.472,0.93153
0.473,0.76808
0.474,0.51223
0.475,0.19419
0.476,-0.13762
0.477,-0.45039
0.478,-0.72282
0.479,-0.90623
0.48,-0.99258
0.481,-0.97586
0.482,-0.84166
0.483,-0.62622
0.484,-0.32511
0.485,-0.01078
0.486,0.31578
0.487,0.61242
0.488,0.83741
0.489,0.97555
0.49,1.00576
0.491,0.92062
0.492,0.73939
0.493,0.46688
0.494,0.14564
0.495,-0.18997
0.496,-0.48888
0.497,-0.74044
0.498,-0.92568
0.499,-0.98835
0.5,-0.96632
0.501,-0.8229
0.502,-0.59692
0.503,-0.29573
0.504,0.04149
0.505,0.36883
0.506,0.64082
0.507,0.85308
0.508,0.98923
0.509,0.99337
0.51,0.89223
0.511,0.6973
0.512,0.42348
0.513,0.10542
0.514,-0.23061
0.515,-0.52876
0.516,-0.78001
0.517,-0.93319
0.518,-0.99068
0.519,-0.95119
0.52,-0.79783
0.521,-0.55843
0.522,-0.24126
0.523,0.07377
0.524,0.39512
0.525,0.67425
0.526,0.8828
0.527,0.98201
0.528,0.985
0.529,0.87617
0.53,0.66744
0.531,0.39034
0.532,0.07365
0.533,-0.26029
0.534,-0.56565
0.535,-0.79506
0.536,-0.95878
0.537,-0.99946
0.538,-0.93394
0.539,-0.76503
0.54,-0.51626
0.541,-0.19827
0.542,0.11954
0.543,0.43272
0.544,0.71911
0.545,0.9035
0.546,0.99765
0.547,0.96904
0.548,0.85481
0.549,0.64081
0.55,0.35115
0.551,0.01208
0.552,-0.30774
0.553,-0.61184
0.554,-0.83162
0.555,-0.96199
0.556,-1.00499
0.557,-0.92669
0.558,-0.73552
0.559,-0.47824
0.56,-0.15928
0.561,0.16037
0.562,0.48079
0.563,0.73736
0.564,0.91975
0.565,0.98958
0.566,0.95937
0.567,0.82167
0.568,0.59662
0.569,0.29598
0.57,-0.02521
0.571,-0.34426
0.572,-0.62799
0.573,-0.85038
0.574,-0.98063
0.575,-0.98478
0.576,-0.89209
0.577,-0.71167
0.578,-0.44406
0.579,-0.11569
0.58,0.21526
0.581,0.52167
0.582,0.76226
0.583,0.92678
0.584,0.99701
0.585,0.95408
0.586,0.79839
0.587,0.55468
0.588,0.25369
0.589,-0.07212
0.59,-0.38457
0.591,-0.67856
0.592,-0.88169
0.593,-0.98975
0.594,-0.98803
0.595,-0.87791
0.596,-0.67494
0.597,-0.40253
0.598,-0.07492
0.599,0.2635
0.6,0.56453
0.601,0.7953
0.602,0.9582
0.603,0.99494
0.604,0.93211
0.605,0.7798
0.606,0.51802
0.607,0.21617
0.608,-0.12178
0.609,-0.42408
0.61,-0.70957
0.611,-0.89427
0.612,-0.99659
0.613,-0.98425
0.614,-0.86167
0.615,-0.63478
0.616,-0.3482
0.617,-0.02508
0.618,0.29467
0.619,0.59016
0.62,0.81632
0.621,0.96058
0.622,0.99147
0.623,0.91794
0.624,0.74329
0.625,0.49028
0.626,0.1756
0.627,-0.1592
0.628,-0.47259
0.629,-0.73547
0.63,-0.92474
0.631,-0.9962
0.632,-0.9745
0.633,-0.83503
0.634,-0.61322
0.635,-0.30771
0.636,0.00482
0.637,0.33806
0.638,0.62318
0.639,0.854
0.64,0.9674
0.641,0.99205
0.642,0.9099
0.643,0.70979
0.644,0.45097
0.645,0.14153
0.646,-0.19598
0.647,-0.51686
0.648,-0.76354
0.649,-0.92233
0.65,-0.9965
0.651,-0.96558
0.652,-0.8069
0.653,-0.57733
0.654,-0.28208
0.655,0.05771
0.656,0.37856
0.657,0.6557
0.658,0.87484
0.659,0.99298
0.66,0.98421
0.661,0.88733
0.662,0.68439
0.663,0.4029
0.664,0.09805
0.665,-0.23664
0.666,-0.53705
0.667,-0.79748
0.668,-0.94951
0.669,-0.99999
0.67,-0.93443
0.671,-0.78388
0.672,-0.53744
0.673,-0.2227
0.674,0.1053
0.675,0.42827
0.676,0.6887
0.677,0.88415
0.678,0.99273
0.679,0.98438
0.68,0.85629
0.681,0.65417
0.682,0.37887
0.683,0.05193
0.684,-0.27585
0.685,-0.58472
0.686,-0.80748
0.687,-0.95397
0.688,-1.00272
0.689,-0.91966
0.69,-0.7472
0.691,-0.50156
0.692,-0.19344
0.693,0.14874
0.694,0.46232
0.695,0.72204
0.696,0.9177
0.697,0.99833
0.698,0.97768
0.699,0.84909
0.7,0.61017
0.701,0.32175
0.702,0.00715
0.703,-0.32947
0.704,-0.61154
0.705,-0.84417
0.706,-0.9642
0.707,-0.99993
0.708,-0.91066
0.709,-0.72964
0.71,-0.46242
0.711,-0.14109
0.712,0.17701
0.713,0.49049
0.714,0.76027
0.715,0.93644
0.716,1.00206
0.717,0.95665
0.718,0.81418
0.719,0.59071
0.72,0.28834
0.721,-0.039
0.722,-0.37393
0.723,-0.65455
0.724,-0.86231
0.725,-0.99052
0.726,-0.99466
0.727,-0.88405
0.728,-0.69432
0.729,-0.42896
0.73,-0.10141
0.731,0.22866
0.732,0.5349
0.733,0.77499
0.734,0.94389
0.735,0.99189
0.736,0.95712
0.737,0.79599
0.738,0.55385
0.739,0.23829
0.74,-0.07835
0.741,-0.40897
0.742,-0.67567
0.743,-0.87895
0.744,-0.99167
0.745,-0.99143
0.746,-0.87518
0.747,-0.65575
0.748,-0.38283
0.749,-0.06507
0.75,0.27849
0.751,0.57022
0.752,0.81087
0.753,0.94768
0.754,1.00834
0.755,0.92728
0.756,0.75652
0.757,0.50435
0.758,0.20642
0.759,-0.12197
0.76,-0.45535
0.761,-0.71097
0.762,-0.90087
0.763,-0.98482
0.764,-0.96736
0.765,-0.84991
0.766,-0.63484
0.767,-0.3427
0.768,-0.01055
0.769,0.32076
0.77,0.61014
0.771,0.83361
0.772,0.97463
0.773,1.00117
0.774,0.91227
0.775,0.72712
0.776,0.47559
0.777,0.16259
0.778,-0.17422
0.779,-0.48548
0.78,-0.74981
0.781,-0.93109
0.782,-1.00325
0.783,-0.96424
0.784,-0.82361
0.785,-0.5959
0.786,-0.30274
0.787,0.03664
0.788,0.34797
0.789,0.64172
0.79,0.86202
0.791,0.98748
0.792,0.9974
0.793,0.89962
0.794,0.71212
0.795,0.43636
0.796,0.11146
0.797,-0.20754
0.798,-0.52727
0.799,-0.7729
0.8,-0.93614
0.801,-1.00262
0.802,-0.94358
0.803,-0.78874
0.804,-0.55239
0.805,-0.2533
0.806,0.0668
0.807,0.3933
0.808,0.67908
0.809,0.88278
0.81,0.98567
0.811,0.97782
0.812,0.86754
0.813,0.66429
0.814,0.38748
0.815,0.06347
0.816,-0.25211
0.817,-0.55239
0.818,-0.80496
0.819,-0.95989
0.82,-1.00767
0.821,-0.94135
0.822,-0.77023
0.823,-0.51445
0.824,-0.21785
0.825,0.12341
0.826,0.43593
0.827,0.7147
0.828,0.9062
0.829,0.98401
0.83,0.96902
0.831,0.84588
0.832,0.64518
0.833,0.35958
0.834,0.01623
0.835,-0.29458
0.836,-0.60463
0.837,-0.82388
0.838,-0.97489
0.839,-0.99203
0.84,-0.92264
0.841,-0.74004
0.842,-0.47692
0.843,-0.16591
0.844,0.16952
0.845,0.46683
0.846,0.73189
0.847,0.92101
0.848,0.98817
0.849,0.97674
0.85,0.83071
0.851,0.60825
0.852,0.30321
0.853,-0.01519
0.854,-0.33638
0.855,-0.63149
0.856,-0.85174
0.857,-0.97488
0.858,-0.9963
0.859,-0.89512
0.86,-0.70885
0.861,-0.44158
0.862,-0.12261
0.863,0.19827
0.864,0.51416
0.865,0.76195
0.866,0.92992
0.867,0.9901
0.868,0.9515
0.869,0.81029
0.87,0.57642
0.871,0.27392
0.872,-0.06438
0.873,-0.37719
0.874,-0.67097
0.875,-0.8646
0.876,-0.98947
0.877,-0.98189
0.878,-0.87734
0.879,-0.67842
0.88,-0.39453
0.881,-0.08595
0.882,0.24227
0.883,0.55855
0.884,0.78359
0.885,0.95286
0.886,1.00831
0.887,0.93902
0.888,0.78876
0.889,0.5255
0.89,0.22851
0.891,-0.09801
0.892,-0.41983
0.893,-0.70718
0.894,-0.89666
0.895,-0.98549
0.896,-0.97603
0.897,-0.85325
0.898,-0.64102
0.899,-0.36997
0.9,-0.03366
0.901,0.287
0.902,0.58252
0.903,0.80977
0.904,0.95615
0.905,0.99858
0.906,0.92832
0.907,0.75604
0.908,0.48617
0.909,0.17444
0.91,-0.14858
0.911,-0.46188
0.912,-0.71838
0.913,-0.91851
0.914,-1.00072
0.915,-0.9692
0.916,-0.83269
0.917,-0.61554
0.918,-0.31191
0.919,-0.00328
0.92,0.32489
0.921,0.61411
0.922,0.85353
0.923,0.97717
0.924,0.99771
0.925,0.91685
0.926,0.72917
0.927,0.44642
0.928,0.13738
0.929,-0.18607
0.93,-0.51211
0.931,-0.75481
0.932,-0.92544
0.933,-1.00731
0.934,-0.96223
0.935,-0.80375
0.936,-0.57939
0.937,-0.28187
0.938,0.05907
0.939,0.3827
0.94,0.65084
0.941,0.86639
0.942,0.97983
0.943,0.99148
0.944,0.89277
0.945,0.68975
0.946,0.4242
0.947,0.08686
0.948,-0.24467
0.949,-0.54192
0.95,-0.7836
0.951,-0.9403
0.952,-0.99099
0.953,-0.95
0.954,-0.78829
0.955,-0.55101
0.956,-0.23998
0.957,0.09183
0.958,0.42283
0.959,0.68215
0.96,0.89025
0.961,0.98577
0.962,0.98728
0.963,0.87713
0.964,0.65375
0.965,0.37333
0.966,0.05053
0.967,-0.27597
0.968,-0.58429
0.969,-0.8036
0.97,-0.95661
0.971,-0.99437
0.972,-0.93801
0.973,-0.76285
0.974,-0.49474
0.975,-0.19468
0.976,0.13605
0.977,0.45368
0.978,0.71251
0.979,0.91256
0.98,0.98497
0.981,0.96504
0.982,0.83808
0.983,0.62895
0.984,0.33334
0.985,-0.00214
0.986,-0.32892
0.987,-0.60255
0.988,-0.83133
0.989,-0.97879
0.99,-0.99895
0.991,-0.91841
0.992,-0.73757
0.993,-0.46296
0.994,-0.15069
0.995,0.18677
0.996,0.48509
0.997,0.75852
0.998,0.91475
0.999,0.99717
1.0,0.95283
1.001,0.8183
1.002,0.59056
1.003,0.29357
1.004,-0.03107
1.005,-0.35619
1.006,-0.6366
1.007,-0.86917
1.008,-0.98581
1.009,-0.99962
1.01,-0.89003
1.011,-0.70437
1.012,-0.42837
1.013,-0.11471
1.014,0.23053
1.015,0.53499
1.016,0.77839
1.017,0.93947
1.018,0.9932
1.019,0.95762
1.02,0.79933
1.021,0.55896
1.022,0.24456
1.023,-0.07279
1.024,-0.41023
1.025,-0.67767
1.026,-0.87795
1.027,-0.98709
1.028,-0.97717
1.029,-0.86811
1.03,-0.67248
1.031,-0.39424
1.032,-0.06288
1.033,0.25793
1.034,0.5705
1.035,0.80336
1.036,0.94896
1.037,1.0054
1.038,0.93847
1.039,0.77185
1.04,0.50573
1.041,0.19936
1.042,-0.12386
1.043,-0.43678
1.044,-0.71449
1.045,-0.89767
1.046,-1.00134
1.047,-0.97126
1.048,-0.84597
1.049,-0.63891
1.05,-0.35208
1.051,-0.02318
1.052,0.31245
1.053,0.6031
1.054,0.83246
1.055,0.97424
1.056,0.99043
1.057,0.91175
1.058,0.73092
1.059,0.46822
1.06,0.16322
1.061,-0.17194
1.062,-0.48631
1.063,-0.74663
1.064,-0.92032
1.065,-1.00193
1.066,-0.95986
1.067,-0.82145
1.068,-0.59989
1.069,-0.29675
1.07,0.03268
1.071,0.34287
1.072,0.62965
1.073,0.86022
1.074,0.98577
1.075,0.99859
1.076,0.90085
1.077,0.70904
1.078,0.43693
1.079,0.11105
1.08,-0.20175
1.081,-0.52675
1.082,-0.76728
1.083,-0.93551
1.084,-0.99674
1.085,-0.96244
1.086,-0.79642
1.087,-0.57053
1.088,-0.25357
1.089,0.06223
1.09,0.39196
1.091,0.66603
1.092,0.86648
1.093,0.99139
1.094,0.99195
1.095,0.87189
1.096,0.68185
1.097,0.39823
1.098,0.07687
1.099,-0.25793
1.1,-0.54792
1.101,-0.79172
1.102,-0.9562
1.103,-1.00379
1.104,-0.93051
1.105,-0.77877
1.106,-0.53221
1.107,-0.22316
1.108,0.11405
1.109,0.42264
1.11,0.70866
1.111,0.89798
1.112,0.98209
1.113,0.96988
1.114,0.85398
1.115,0.63333
1.116,0.34912
1.117,0.03213
1.118,-0.29928
1.119,-0.58536
1.12,-0.83291
1.121,-0.97205
1.122,-0.99466
1.123,-0.92359
1.124,-0.74721
1.125,-0.4892
1.126,-0.17907
1.127,0.16289
1.128,0.47473
1.129,0.72492
1.13,0.9104
1.131,0.99831
1.132,0.97638
1.133,0.83699
1.134,0.60034
1.135,0.31216
1.136,-0.01939
1.137,-0.33183
1.138,-0.6265
1.139,-0.84461
1.14,-0.97227
1.141,-0.99738
1.142,-0.91174
1.143,-0.72187
1.144,-0.452
1.145,-0.13895
1.146,0.19913
1.147,0.51616
1.148,0.77007
1.149,0.93152
1.15,0.99649
1.151,0.96362
1.152,0.81893
1.153,0.57826
1.154,0.27079
1.155,-0.04766
1.156,-0.37284
1.157,-0.65437
1.158,-0.86807
1.159,-0.99091
1.16,-0.99829
1.161,-0.8773
1.162,-0.68207
1.163,-0.4066
1.164,-0.08183
1.165,0.24704
1.166,0.54247
1.167,0.7893
1.168,0.94556
1.169,0.99529
1.17,0.95187
1.171,0.78692
1.172,0.54318
1.173,0.22678
1.174,-0.10453
1.175,-0.41136
1.176,-0.70297
1.177,-0.89568
1.178,-0.99957
1.179,-0.97288
1.18,-0.86821
1.181,-0.65769
1.182,-0.37418
1.183,-0.05251
1.184,0.28201
1.185,0.59042
1.186,0.82529
1.187,0.95941
1.188,0.99382
1.189,0.92924
1.19,0.74641
1.191,0.49969
1.192,0.1945
1.193,-0.153
1.194,-0.46151
1.195,-0.71769
1.196,-0.90972
1.197,-0.99285
1.198,-0.97067
1.199,-0.83749
1.2,-0.61189
1.201,-0.33734
1.202,-0.00594
1.203,0.33309
1.204,0.61534
1.205,0.83812
1.206,0.97905
1.207,1.00306
1.208,0.91241
1.209,0.71657
1.21,0.45184
1.211,0.13772
1.212,-0.18621
1.213,-0.49407
1.214,-0.75157
1.215,-0.93498
1.216,-0.98891
1.217,-0.95827
1.218,-0.81507
1.219,-0.59228
1.22,-0.28492
1.221,0.04811
1.222,0.36783
1.223,0.6494
1.224,0.86307
1.225,0.98424
1.226,0.99318
1.227,0.89683
1.228,0.68853
1.229,0.42522
1.23,0.11002
1.231,-0.23002
1.232,-0.54112
1.233,-0.7795
1.234,-0.93437
1.235,-1.0079
1.236,-0.95714
1.237,-0.78679
1.238,-0.5534
1.239,-0.25006
1.24,0.07953
1.241,0.41731
1.242,0.67677
1.243,0.88103
1.244,0.97925
1.245,0.97538
1.246,0.86692
1.247,0.66245
1.248,0.38735
1.249,0.05283
1.25,-0.26578
1.251,-0.57852
1.252,-0.81715
1.253,-0.95347
1.254,-0.99922
1.255,-0.93177
1.256,-0.7688
1.257,-0.51463
1.258,-0.19368
1.259,0.13644
1.26,0.44796
1.261,0.71175
1.262,0.91275
1.263,0.9923
1.264,0.96838
1.265,0.84627
1.266,0.62205
1.267,0.33802
1.268,0.01952
1.269,-0.3139
1.27,-0.61456
1.271,-0.83043
1.272,-0.97595
1.273,-0.99588
1.274,-0.91955
1.275,-0.73056
1.276,-0.46472
1.277,-0.16088
1.278,0.16838
1.279,0.49575
1.28,0.75327
1.281,0.9201
1.282,1.00615
1.283,0.96328
1.284,0.82891
1.285,0.59459
1.286,0.30766
1.287,-0.03713
1.288,-0.35629
1.289,-0.64464
1.29,-0.86488
1.291,-0.96947
1.292,-0.99375
1.293,-0.9031
1.294,-0.70261
1.295,-0.43487
1.296,-0.1133
1.297,0.22687
1.298,0.52505
1.299,0.77993
1.3,0.94637
1.301,0.99078
1.302,0.95761
1.303,0.80632
1.304,0.56713
1.305,0.26347
1.306,-0.07819
1.307,-0.40218
1.308,-0.68371
1.309,-0.87183
1.31,-0.981
1.311,-0.9841
1.312,-0.86679
1.313,-0.66617
1.314,-0.39854
1.315,-0.06221
1.316,0.26045
1.317,0.56275
1.318,0.80308
1.319,0.94278
1.32,0.99543
1.321,0.93979
1.322,0.77273
1.323,0.52952
1.324,0.22162
1.325,-0.12396
1.326,-0.4341
1.327,-0.71082
1.328,-0.89869
1.329,-1.00198
1.33,-0.97642
1.331,-0.85734
1.332,-0.63506
1.333,-0.35648
1.334,-0.02871
1.335,0.29276
1.336,0.60689
1.337,0.82207
1.338,0.96226
1.339,0.98893
1.34,0.91675
1.341,0.7513
1.342,0.48751
1.343,0.17379
1.344,-0.15707
1.345,-0.46574
1.346,-0.74499
1.347,-0.92268
1.348,-1.0026
1.349,-0.97285
1.35,-0.83653
1.351,-0.60835
1.352,-0.30307
1.353,0.01786
1.354,0.3501
1.355,0.64002
1.356,0.8456
1.357,0.96893
1.358,0.9869
1.359,0.89623
1.36,0.72016
1.361,0.45192
1.362,0.11772
1.363,-0.20447
1.364,-0.50481
1.365,-0.7706
1.366,-0.92855
1.367,-1.00379
1.368,-0.95261
1.369,-0.79689
1.37,-0.56179
1.371,-0.27749
1.372,0.06272
1.373,0.39139
1.374,0.66315
1.375,0.88096
1.376,0.9872
1.377,0.99173
1.378,0.88213
1.379,0.68004
1.38,0.4083
1.381,0.09029
1.382,-0.24419
1.383,-0.54994
1.384,-0.79375
1.385,-0.94162
1.386,-0.99525
1.387,-0.94553
1.388,-0.78226
1.389,-0.52688
1.39,-0.23256
1.391,0.10407
1.392,0.42346
1.393,0.70151
1.394,0.89737
1.395,0.98136
1.396,0.97268
1.397,0.85561
1.398,0.65671
1.399,0.35345
1.4,0.04372
1.401,-0.28462
1.402,-0.5857
1.403,-0.81395
1.404,-0.95436
1.405,-0.9988
1.406,-0.93464
1.407,-0.75095
1.408,-0.50123
1.409,-0.17612
1.41,0.15891
1.411,0.46668
1.412,0.72883
1.413,0.91199
1.414,0.98856
1.415,0.97232
1.416,0.84055
1.417,0.61671
1.418,0.32688
1.419,-0.00406
1.42,-0.32317
1.421,-0.62062
1.422,-0.85238
1.423,-0.96299
1.424,-0.99229
1.425,-0.91268
1.426,-0.7137
1.427,-0.44905
1.428,-0.13795
1.429,0.188
1.43,0.50068
1.431,0.75468
1.432,0.92878
1.433,0.99524
1.434,0.96096
1.435,0.80575
1.436,0.58092
1.437,0.28691
1.438,-0.0396
1.439,-0.37106
1.44,-0.65014
1.441,-0.87442
1.442,-0.98262
1.443,-0.98015
1.444,-0.89325
1.445,-0.68252
1.446,-0.41166
1.447,-0.09247
1.448,0.24442
1.449,0.54871
1.45,0.79212
1.451,0.95028
1.452,0.99898
1.453,0.95012
1.454,0.78932
1.455,0.54132
1.456,0.24658
1.457,-0.08688
1.458,-0.42095
1.459,-0.68906
1.46,-0.88787
1.461,-0.99346
1.462,-0.97917
1.463,-0.86053
1.464,-0.65807
1.465,-0.37298
1.466,-0.04771
1.467,0.2847
1.468,0.57816
1.469,0.81169
1.47,0.95615
1.471,1.00437
1.472,0.9293
1.473,0.76186
1.474,0.50107
1.475,0.19225
1.476,-0.13794
1.477,-0.44793
1.478,-0.72764
1.479,-0.90798
1.48,-0.99836
1.481,-0.98285
1.482,-0.84929
1.483,-0.61468
1.484,-0.33259
1.485,-0.01642
1.486,0.31577
1.487,0.61782
1.488,0.82866
1.489,0.9733
1.49,1.00186
1.491,0.90694
1.492,0.72503
1.493,0.46209
1.494,0.14701
1.495,-0.18928
1.496,-0.48677
1.497,-0.75164
1.498,-0.92811
1.499,-1.00768
1.5,-0.95394
1.501,-0.81243
1.502,-0.59018
1.503,-0.29786
1.504,0.0445
1.505,0.35613
1.506,0.6384
1.507,0.85586
1.508,0.97313
1.509,1.00135
1.51,0.89269
1.511,0.69701
1.512,0.43569
1.513,0.10328
1.514,-0.23049
1.515,-0.53813
1.516,-0.77234
1.517,-0.93796
1.518,-0.99768
1.519,-0.95463
1.52,-0.80113
1.521,-0.55051
1.522,-0.25907
1.523,0.07618
1.524,0.39807
1.525,0.67493
1.526,0.8842
1.527,0.99666
1.528,0.98344
1.529,0.86424
1.53,0.67265
1.531,0.3912
1.532,0.06611
1.533,-0.2749
1.534,-0.5737
1.535,-0.79544
1.536,-0.96375
1.537,-0.99561
1.538,-0.94015
1.539,-0.76699
1.54,-0.50666
1.541,-0.21524
1.542,0.12206
1.543,0.43826
1.544,0.70308
1.545,0.90076
1.546,0.99507
1.547,0.98423
1.548,0.86111
1.549,0.62566
1.55,0.34755
1.551,0.0202
1.552,-0.31379
1.553,-0.61053
1.554,-0.82783
1.555,-0.96373
1.556,-1.00507
1.557,-0.91043
1.558,-0.73444
1.559,-0.47085
1.56,-0.1643
1.561,0.16442
1.562,0.47237
1.563,0.73352
1.564,0.92917
1.565,0.98758
1.566,0.96067
1.567,0.81941
1.568,0.5979
1.569,0.30134
1.57,-0.02221
1.571,-0.3491
1.572,-0.64
1.573,-0.84536
1.574,-0.97415
1.575,-0.9969
1.576,-0.90281
1.577,-0.7043
1.578,-0.44771
1.579,-0.12911
1.58,0.20613
1.581,0.5098
1.582,0.77747
1.583,0.92762
1.584,0.99129
1.585,0.95401
1.586,0.80249
1.587,0.55751
1.588,0.27003
1.589,-0.07172
1.59,-0.39298
1.591,-0.67723
1.592,-0.88383
1.593,-0.99364
1.594,-0.98977
1.595,-0.87252
1.596,-0.66604
1.597,-0.40152
1.598,-0.07044
1.599,0.25256
1.6,0.56473
1.601,0.80132
1.602,0.94111
1.603,0.99037
1.604,0.9318
1.605,0.76874
1.606,0.53391
1.607,0.21806
1.608,-0.10323
1.609,-0.43008
1.61,-0.70132
1.611,-0.89301
1.612,-0.98893
1.613,-0.9797
1.614,-0.85836
1.615,-0.64955
1.616,-0.35773
1.617,-0.03281
1.618,0.30055
1.619,0.59189
1.62,0.81931
1.621,0.96382
1.622,0.99371
1.623,0.92872
1.624,0.74294
1.625,0.49571
1.626,0.16797
1.627,-0.15181
1.628,-0.46841
1.629,-0.73675
1.63,-0.92156
1.631,-1.0046
1.632,-0.95913
1.633,-0.82833
1.634,-0.60274
1.635,-0.30856
1.636,0.00316
1.637,0.33918
1.638,0.6271
1.639,0.85419
1.64,0.96964
1.641,1.00018
1.642,0.90295
1.643,0.71645
1.644,0.45427
1.645,0.12681
1.646,-0.19732
1.647,-0.51263
1.648,-0.76055
1.649,-0.9399
1.65,-1.00349
1.651,-0.96654
1.652,-0.8049
1.653,-0.57877
1.654,-0.26489
1.655,0.0515
1.656,0.37257
1.657,0.65692
1.658,0.87038
1.659,0.98743
1.66,0.99439
1.661,0.88258
1.662,0.6875
1.663,0.40082
1.664,0.09023
1.665,-0.24664
1.666,-0.53836
1.667,-0.79634
1.668,-0.9565
1.669,-0.99991
1.67,-0.93567
1.671,-0.79056
1.672,-0.53229
1.673,-0.23594
1.674,0.09776
1.675,0.41245
1.676,0.69963
1.677,0.89912
1.678,0.98644
1.679,0.98022
1.68,0.87314
1.681,0.65784
1.682,0.36473
1.683,0.0533
1.684,-0.27803
1.685,-0.59005
1.686,-0.80905
1.687,-0.96536
1.688,-1.00042
1.689,-0.92255
1.69,-0.76451
1.691,-0.50889
1.692,-0.18892
1.693,0.13392
1.694,0.45322
1.695,0.71679
1.696,0.90871
1.697,0.99125
1.698,0.96732
1.699,0.8433
1.7,0.62533
1.701,0.33181
1.702,-0.00304
1.703,-0.32512
1.704,-0.62522
1.705,-0.83565
1.706,-0.97424
1.707,-0.98831
1.708,-0.91699
1.709,-0.73166
1.71,-0.46941
1.711,-0.15359
1.712,0.19369
1.713,0.49873
1.714,0.74963
1.715,0.93408
1.716,0.99691
1.717,0.95711
1.718,0.82602
1.719,0.57382
1.72,0.28045
1.721,-0.05258
1.722,-0.37688
1.723,-0.64945
1.724,-0.86267
1.725,-0.9787
1.726,-0.9912
1.727,-0.89362
1.728,-0.68651
1.729,-0.4175
1.73,-0.09383
1.731,0.22289
1.732,0.53698
1.733,0.78739
1.734,0.93646
1.735,1.00564
1.736,0.9483
1.737,0.79775
1.738,0.54595
1.739,0.23645
1.74,-0.09284
1.741,-0.41296
1.742,-0.67423
1.743,-0.8913
1.744,-0.98995
1.745,-0.98138
1.746,-0.87491
1.747,-0.66863
1.748,-0.3754
1.749,-0.06718
1.75,0.28007
1.751,0.56768
1.752,0.81706
1.753,0.96585
1.754,1.00425
1.755,0.94055
1.756,0.75798
1.757,0.50985
1.758,0.19865
1.759,-0.12505
1.76,-0.45383
1.761,-0.72027
1.762,-0.89887
1.763,-1.0018
1.764,-0.98208
1.765,-0.84428
1.766,-0.63534
1.767,-0.33253
1.768,-0.00967
1.769,0.31025
1.77,0.60853
1.771,0.82407
1.772,0.97075
1.773,0.99686
1.774,0.91661
1.775,0.72852
1.776,0.47218
1.777,0.16102
1.778,-0.18383
1.779,-0.49104
1.78,-0.74703
1.781,-0.92146
1.782,-0.99416
1.783,-0.96162
1.784,-0.82651
1.785,-0.58855
1.786,-0.30635
1.787,0.02978
1.788,0.35419
1.789,0.64701
1.79,0.86645
1.791,0.9727
1.792,1.00195
1.793,0.89524
1.794,0.71216
1.795,0.43445
1.796,0.12189
1.797,-0.22086
1.798,-0.53266
1.799,-0.77978
1.8,-0.93748
1.801,-0.9981
1.802,-0.95072
1.803,-0.78841
1.804,-0.56024
1.805,-0.25468
1.806,0.07122
1.807,0.39128
1.808,0.66849
1.809,0.874
1.81,0.97683
1.811,0.9919
1.812,0.88612
1.813,0.67475
1.814,0.38914
1.815,0.06728
1.816,-0.26227
1.817,-0.55699
1.818,-0.80182
1.819,-0.94626
1.82,-0.99827
1.821,-0.92926
1.822,-0.77141
1.823,-0.51374
1.824,-0.20941
1.825,0.1198
1.826,0.42722
1.827,0.71312
1.828,0.89792
1.829,0.9992
1.83,0.97591
1.831,0.84764
1.832,0.62825
1.833,0.35983
1.834,0.02799
1.835,-0.29563
1.836,-0.6046
1.837,-0.82235
1.838,-0.97288
1.839,-0.99682
1.84,-0.92639
1.841,-0.73769
1.842,-0.48031
1.843,-0.17155
1.844,0.16639
1.845,0.47896
1.846,0.7449
1.847,0.9266
1.848,0.99111
1.849,0.95906
1.85,0.83261
1.851,0.61293
1.852,0.30018
1.853,-0.01885
1.854,-0.33545
1.855,-0.64144
1.856,-0.84329
1.857,-0.97976
1.858,-0.99431
1.859,-0.9002
1.86,-0.71564
1.861,-0.44971
1.862,-0.1287
1.863,0.20952
1.864,0.51154
1.865,0.7618
1.866,0.92812
1.867,1.00269
1.868,0.94641
1.869,0.80756
1.87,0.55936
1.871,0.27686
1.872,-0.06543
1.873,-0.38927
1.874,-0.67242
1.875,-0.86558
1.876,-0.9916
1.877,-0.97793
1.878,-0.8857
1.879,-0.68673
1.88,-0.39485
1.881,-0.09116
1.882,0.24917
1.883,0.5535
1.884,0.7842
1.885,0.94356
1.886,0.99457
1.887,0.93947
1.888,0.78043
1.889,0.52593
1.89,0.23055
1.891,-0.10813
1.892,-0.4303
1.893,-0.70201
1.894,-0.88614
1.895,-0.99039
1.896,-0.97514
1.897,-0.8707
1.898,-0.64043
1.899,-0.37086
1.9,-0.0471
1.901,0.29813
1.902,0.59245
1.903,0.82202
1.904,0.96873
1.905,1.00748
1.906,0.91939
1.907,0.74151
1.908,0.50119
1.909,0.17487
1.91,-0.14971
1.911,-0.46128
1.912,-0.73038
1.913,-0.9165
1.914,-0.99083
1.915,-0.97869
1.916,-0.83639
1.917,-0.61911
1.918,-0.31837
1.919,0.00424
1.92,0.32329
1.921,0.6291
1.922,0.84739
1.923,0.97613
1.924,1.00125
1.925,0.906
1.926,0.71642
1.927,0.45414
1.928,0.13099
1.929,-0.18608
1.93,-0.5027
1.931,-0.74823
1.932,-0.93873
1.933,-0.9892
1.934,-0.96732
1.935,-0.80926
1.936,-0.57173
1.937,-0.28465
1.938,0.05355
1.939,0.37066
1.94,0.65609
1.941,0.86637
1.942,0.98303
1.943,0.99095
1.944,0.88375
1.945,0.68694
1.946,0.41101
1.947,0.09304
1.948,-0.23318
1.949,-0.53335
1.95,-0.78437
1.951,-0.9546
1.952,-1.00177
1.953,-0.94543
1.954,-0.79018
1.955,-0.53465
1.956,-0.23903
1.957,0.08868
1.958,0.41182
1.959,0.68781
1.96,0.89243
1.961,0.98027
1.962,0.98904
1.963,0.86523
1.964,0.65039
1.965,0.37395
1.966,0.05817
1.967,-0.27926
1.968,-0.58
1.969,-0.81898
1.97,-0.96527
1.971,-0.99374
1.972,-0.92963
1.973,-0.74922
1.974,-0.50794
1.975,-0.20289
1.976,0.13245
1.977,0.46042
1.978,0.7293
1.979,0.90135
1.98,0.99868
1.981,0.97178
1.982,0.8372
1.983,0.62254
1.984,0.33034
1.985,0.00829
1.986,-0.32668
1.987,-0.61171
1.988,-0.8413
1.989,-0.96068
1.99,-0.99048
1.991,-0.91148
1.992,-0.73589
1.993,-0.46669
1.994,-0.15978
1.995,0.1875
1.996,0.49187
1.997,0.74541
1.998,0.93042
1.999,0.99264
2.0,0.95313
2.001,0.81443
2.002,0.59833
2.003,0.29976
2.004,-0.04408
2.005,-0.36883
2.006,-0.63805
2.007,-0.85249
2.008,-0.97203
2.009,-0.98424
2.01,-0.89936
2.011,-0.69654
2.012,-0.42151
2.013,-0.10957
2.014,0.22296
2.015,0.52999
2.016,0.77872
2.017,0.93115
2.018,0.99862
2.019,0.94988
2.02,0.78476
2.021,0.55042
2.022,0.25894
2.023,-0.08828
2.024,-0.40541
2.025,-0.67167
2.026,-0.88876
2.027,-0.98719
2.028,-0.98021
2.029,-0.87628
2.03,-0.65919
2.031,-0.38084
2.032,-0.05858
2.033,0.27011
2.034,0.56323
2.035,0.80661
2.036,0.94885
2.037,0.99815
2.038,0.93981
2.039,0.76545
2.04,0.51073
2.041,0.19726
2.042,-0.11905
2.043,-0.44294
2.044,-0.71344
2.045,-0.89609
2.046,-0.98935
2.047,-0.98124
2.048,-0.84973
2.049,-0.62654
2.05,-0.34456
2.051,-0.01778
2.052,0.31528
2.053,0.59742
2.054,0.82659
2.055,0.96498
2.056,0.99643
2.057,0.92041
2.058,0.74066
2.059,0.48022
2.06,0.1698
2.061,-0.17603
2.062,-0.4737
2.063,-0.74956
2.064,-0.92943
2.065,-0.99257
2.066,-0.96915
2.067,-0.83758
2.068,-0.59285
2.069,-0.29459
2.07,0.03373
2.071,0.35485
2.072,0.64668
2.073,0.86214
2.074,0.98462
2.075,0.99657
2.076,0.89578
2.077,0.70344
2.078,0.43776
2.079,0.11753
2.08,-0.21684
2.081,-0.51385
2.082,-0.76712
2.083,-0.92865
2.084,-0.9948
2.085,-0.95444
2.086,-0.80967
2.087,-0.56548
2.088,-0.26047
2.089,0.06787
2.09,0.39893
2.091,0.67667
2.092,0.88547
2.093,0.98429
2.094,0.97973
2.095,0.87709
2.096,0.68435
2.097,0.39799
2.098,0.07588
2.099,-0.24504
2.1,-0.54894
2.101,-0.795
2.102,-0.95498
2.103,-1.00954
2.104,-0.92976
2.105,-0.76605
2.106,-0.5237
2.107,-0.21937
2.108,0.10285
2.109,0.43822
2.11,0.71164
2.111,0.90521
2.112,0.99009
2.113,0.97197
2.114,0.8574
2.115,0.64823
2.116,0.3494
2.117,0.03233
2.118,-0.29886
2.119,-0.59626
2.12,-0.82305
2.121,-0.96866
2.122,-0.99879
2.123,-0.92676
2.124,-0.74165
2.125,-0.4955
2.126,-0.16933
2.127,0.15814
2.128,0.46939
2.129,0.73148
2.13,0.91524
2.131,0.99542
2.132,0.9749
2.133,0.83028
2.134,0.61298
2.135,0.30736
2.136,-0.006
2.137,-0.32883
2.138,-0.63329
2.139,-0.84439
2.14,-0.96719
2.141,-0.99586
2.142,-0.90147
2.143,-0.72531
2.144,-0.44349
2.145,-0.13076
2.146,0.20054
2.147,0.50532
2.148,0.76975
2.149,0.9397
2.15,0.99076
2.151,0.94932
2.152,0.80798
2.153,0.57033
2.154,0.27659
2.155,-0.0568
2.156,-0.37351
2.157,-0.66448
2.158,-0.87008
2.159,-0.98675
2.16,-0.98934
2.161,-0.88554
2.162,-0.69399
2.163,-0.40657
2.164,-0.09428
2.165,0.24554
2.166,0.54099
2.167,0.77977
2.168,0.95614
2.169,1.00832
2.17,0.9347
2.171,0.78739
2.172,0.53381
2.173,0.23763
2.174,-0.10859
2.175,-0.41221
2.176,-0.69917
2.177,-0.89957
2.178,-0.99462
2.179,-0.99004
2.18,-0.87253
2.181,-0.64352
2.182,-0.36669
2.183,-0.05166
2.184,0.28663
2.185,0.58851
2.186,0.82496
2.187,0.96485
2.188,1.00239
2.189,0.91962
2.19,0.76413
2.191,0.50714
2.192,0.18092
2.193,-0.13699
2.194,-0.45248
2.195,-0.72269
2.196,-0.91139
2.197,-0.99307
2.198,-0.96691
2.199,-0.84177
2.2,-0.62469
2.201,-0.32108
2.202,0.00878
2.203,0.32805
2.204,0.60986
2.205,0.83062
2.206,0.96237
2.207,0.99694
2.208,0.90263
2.209,0.72797
2.21,0.45931
2.211,0.14329
2.212,-0.19632
2.213,-0.4905
2.214,-0.7495
2.215,-0.92822
2.216,-1.0008
2.217,-0.9674
2.218,-0.8229
2.219,-0.59121
2.22,-0.27873
2.221,0.04906
2.222,0.36555
2.223,0.65663
2.224,0.85539
2.225,0.98323
2.226,0.99713
2.227,0.88232
2.228,0.69613
2.229,0.42344
2.23,0.09646
2.231,-0.22551
2.232,-0.54314
2.233,-0.77705
2.234,-0.93496
2.235,-1.00304
2.236,-0.93997
2.237,-0.78395
2.238,-0.54256
2.239,-0.2347
2.24,0.083
2.241,0.41591
2.242,0.68389
2.243,0.87749
2.244,0.98279
2.245,0.97923
2.246,0.87229
2.247,0.66695
2.248,0.38803
2.249,0.06424
2.25,-0.27499
2.251,-0.577
2.252,-0.79855
2.253,-0.96055
2.254,-1.0057
2.255,-0.93855
2.256,-0.76841
2.257,-0.50087
2.258,-0.20122
2.259,0.13063
2.26,0.45409
2.261,0.71351
2.262,0.90131
2.263,0.99127
2.264,0.9822
2.265,0.8428
2.266,0.62127
2.267,0.34565
2.268,0.01253
2.269,-0.31401
2.27,-0.59732
2.271,-0.82458
2.272,-0.96611
2.273,-0.99323
2.274,-0.90721
2.275,-0.72857
2.276,-0.46325
2.277,-0.1537
2.278,0.17067
2.279,0.47697
2.28,0.75038
2.281,0.93082
2.282,0.99857
2.283,0.95679
2.284,0.82509
2.285,0.60015
2.286,0.304
2.287,-0.02349
2.288,-0.35276
2.289,-0.63965
2.29,-0.86261
2.291,-0.98
2.292,-0.98807
2.293,-0.888
2.294,-0.70149
2.295,-0.44123
2.296,-0.10968
2.297,0.22338
2.298,0.51565
2.299,0.76965
2.3,0.9469
2.301,1.00639
2.302,0.9527
2.303,0.80095
2.304,0.56141
2.305,0.24894
2.306,-0.06571
2.307,-0.39021
2.308,-0.67531
2.309,-0.8701
2.31,-0.98449
2.311,-0.9834
2.312,-0.86884
2.313,-0.66155
2.314,-0.40074
2.315,-0.06358
2.316,0.25244
2.317,0.5545
2.318,0.79553
2.319,0.94407
2.32,0.99528
2.321,0.93443
2.322,0.78009
2.323,0.52659
2.324,0.20548
2.325,-0.12262
2.326,-0.44612
2.327,-0.70889
2.328,-0.89243
2.329,-0.98566
2.33,-0.97202
2.331,-0.86105
2.332,-0.643
2.333,-0.34745
2.334,-0.03542
2.335,0.29477
2.336,0.59355
2.337,0.81953
2.338,0.9556
2.339,0.99581
2.34,0.92696
2.341,0.7523
2.342,0.47373
2.343,0.17313
2.344,-0.17126
2.345,-0.48455
2.346,-0.74111
2.347,-0.91472
2.348,-0.99073
2.349,-0.95743
2.35,-0.82495
2.351,-0.60448
2.352,-0.30396
2.353,0.02435
2.354,0.34766
2.355,0.64158
2.356,0.84615
2.357,0.98142
2.358,1.00245
2.359,0.89806
2.36,0.72169
2.361,0.44344
2.362,0.13423
2.363,-0.19547
2.364,-0.51718
2.365,-0.77347
2.366,-0.93034
2.367,-0.99768
2.368,-0.94574
2.369,-0.8068
2.37,-0.57577
2.371,-0.2705
2.372,0.067
2.373,0.37775
2.374,0.6601
2.375,0.87315
2.376,0.98934
2.377,0.98567
2.378,0.88597
2.379,0.67891
2.38,0.40112
2.381,0.08041
2.382,-0.24658
2.383,-0.55892
2.384,-0.79272
2.385,-0.95009
2.386,-1.00706
2.387,-0.95075
2.388,-0.78441
2.389,-0.53028
2.39,-0.2182
2.391,0.10885
2.392,0.41934
2.393,0.70023
2.394,0.88968
2.395,0.98644
2.396,0.97829
2.397,0.85163
2.398,0.65692
2.399,0.36259
2.4,0.03069
2.401,-0.28317
2.402,-0.5964
2.403,-0.82489
2.404,-0.96888
2.405,-0.99971
2.406,-0.9215
2.407,-0.74615
2.408,-0.49529
2.409,-0.17891
2.41,0.14912
2.411,0.46131
2.412,0.72936
2.413,0.91784
2.414,1.0059
2.415,0.97422
2.416,0.83011
2.417,0.61199
2.418,0.32795
2.419,0.00199
2.42,-0.33553
2.421,-0.62872
2.422,-0.84889
2.423,-0.96553
2.424,-0.99328
2.425,-0.91315
2.426,-0.71767
2.427,-0.45387
2.428,-0.13622
2.429,0.1907
2.43,0.51162
2.431,0.75672
2.432,0.92836
2.433,1.00646
2.434,0.96716
2.435,0.81637
2.436,0.5721
2.437,0.27175
2.438,-0.051
2.439,-0.36855
2.44,-0.65275
2.441,-0.8629
2.442,-0.97223
2.443,-0.98024
2.444,-0.88188
2.445,-0.68058
2.446,-0.418
2.447,-0.08969
2.448,0.23381
2.449,0.5416
2.45,0.79161
2.451,0.95363
2.452,1.00279
2.453,0.93595
2.454,0.78667
2.455,0.53232
2.456,0.24464
2.457,-0.09811
2.458,-0.42169
2.459,-0.6837
2.46,-0.88477
2.461,-0.99022
2.462,-0.98634
2.463,-0.87463
2.464,-0.6617
2.465,-0.38374
2.466,-0.04677
2.467,0.2852
2.468,0.57419
2.469,0.80271
2.47,0.95233
2.471,1.00903
2.472,0.92797
2.473,0.75895
2.474,0.49732
2.475,0.1884
2.476,-0.13075
2.477,-0.44664
2.478,-0.71701
2.479,-0.91056
2.48,-0.99107
2.481,-0.98163
2.482,-0.8422
2.483,-0.61597
2.484,-0.33215
2.485,-0.0061
2.486,0.32161
2.487,0.60453
2.488,0.84255
2.489,0.97436
2.49,0.99637
2.491,0.92067
2.492,0.72991
2.493,0.46945
2.494,0.14907
2.495,-0.17346
2.496,-0.49186
2.497,-0.75493
2.498,-0.93244
2.499,-0.99343
2.5,-0.9532
2.501,-0.81291
2.502,-0.58592
2.503,-0.29539
2.504,0.04171
2.505,0.35413
2.506,0.64359
2.507,0.86352
2.508,0.98315
2.509,0.99421
2.51,0.88818
2.511,0.69695
2.512,0.42572
2.513,0.11172
2.514,-0.21351
2.515,-0.53272
2.516,-0.78289
2.517,-0.94472
2.518,-1.00969
2.519,-0.94048
2.52,-0.7854
2.521,-0.55122
2.522,-0.25441
2.523,0.08064
2.524,0.39489
2.525,0.67783
2.526,0.88347
2.527,0.97925
2.528,0.98821
2.529,0.87168
2.53,0.6574
2.531,0.38113
2.532,0.07223
2.533,-0.27395
2.534,-0.57036
2.535,-0.79505
2.536,-0.94547
2.537,-0.99609
2.538,-0.92486
2.539,-0.77134
2.54,-0.51638
2.541,-0.19713
2.542,0.12278
2.543,0.43807
2.544,0.70942
2.545,0.89345
2.546,0.99492
2.547,0.98456
2.548,0.8608
2.549,0.63136
2.55,0.34259
2.551,0.01696
2.552,-0.31018
2.553,-0.60657
2.554,-0.83251
2.555,-0.96754
2.556,-1.00099
2.557,-0.92543
2.558,-0.74222
2.559,-0.47083
2.56,-0.16851
2.561,0.1637
2.562,0.48055
2.563,0.7313
2.564,0.92015
2.565,1.00444
2.566,0.96941
2.567,0.81878
2.568,0.59944
2.569,0.30248
2.57,-0.02459
2.571,-0.35503
2.572,-0.63523
2.573,-0.86211
2.574,-0.98145
2.575,-0.9969
2.576,-0.89461
2.577,-0.70755
2.578,-0.43649
2.579,-0.12818
2.58,0.2112
2.581,0.52869
2.582,0.76916
2.583,0.9347
2.584,1.0084
2.585,0.9482
2.586,0.80507
2.587,0.56505
2.588,0.2523
2.589,-0.07308
2.59,-0.39683
2.591,-0.67023
2.592,-0.8809
2.593,-0.98567
2.594,-0.9822
2.595,-0.88168
2.596,-0.67687
2.597,-0.38919
2.598,-0.08028
2.599,0.25538
2.6,0.55547
2.601,0.78806
2.602,0.94539
2.603,0.99658
2.604,0.94856
2.605,0.78335
2.606,0.52012
2.607,0.21527
2.608,-0.10318
2.609,-0.43839
2.61,-0.69817
2.611,-0.89859
2.612,-0.98546
2.613,-0.98186
2.614,-0.8482
2.615,-0.65254
2.616,-0.36513
2.617,-0.02817
2.618,0.29516
2.619,0.60159
2.62,0.83172
2.621,0.96536
2.622,0.99604
2.623,0.92096
2.624,0.7537
2.625,0.4806
2.626,0.17482
2.627,-0.16156
2.628,-0.47909
2.629,-0.73091
2.63,-0.91218
2.631,-0.9902
2.632,-0.97877
2.633,-0.82883
2.634,-0.60095
2.635,-0.31951
2.636,0.00514
2.637,0.34485
2.638,0.6244
2.639,0.85254
2.64,0.96837
2.641,0.99746
2.642,0.90067
2.643,0.71872
2.644,0.45888
2.645,0.13964
2.646,-0.20645
2.647,-0.50767
2.648,-0.7678
2.649,-0.92594
2.65,-1.00807
2.651,-0.95297
2.652,-0.80621
2.653,-0.58294
2.654,-0.26468
2.655,0.05209
2.656,0.37206
2.657,0.65842
2.658,0.86376
2.659,0.97636
2.66,0.98136
2.661,0.88002
2.662,0.68063
2.663,0.40929
2.664,0.09101
2.665,-0.23642
2.666,-0.54586
2.667,-0.79062
2.668,-0.93722
2.669,-0.99045
2.67,-0.94359
2.671,-0.7868
2.672,-0.52914
2.673,-0.22755
2.674,0.09483
2.675,0.426
2.676,0.70211
2.677,0.89572
2.678,0.98041
2.679,0.9823
2.68,0.86617
2.681,0.66089
2.682,0.37681
2.683,0.05156
2.684,-0.28211
2.685,-0.5897
2.686,-0.81032
2.687,-0.9685
2.688,-1.00191
2.689,-0.92697
2.69,-0.75059
2.691,-0.50413
2.692,-0.18834
2.693,0.15051
2.694,0.45415
2.695,0.727
2.696,0.9091
2.697,0.99024
2.698,0.97572
2.699,0.84078
2.7,0.62204
2.701,0.32955
2.702,0.00394
2.703,-0.33554
2.704,-0.6251
2.705,-0.84962
2.706,-0.97391
2.707,-0.99354
2.708,-0.91704
2.709,-0.72102
2.71,-0.46043
2.711,-0.14605
2.712,0.17755
2.713,0.5006
2.714,0.75702
2.715,0.92682
2.716,1.00325
2.717,0.95619
2.718,0.82012
2.719,0.57623
2.72,0.27911
2.721,-0.04738
2.722,-0.36966
2.723,-0.64992
2.724,-0.86787
2.725,-0.98792
2.726,-0.9909
2.727,-0.89643
2.728,-0.69345
2.729,-0.43049
2.73,-0.0957
2.731,0.23132
2.732,0.54088
2.733,0.78091
2.734,0.95062
2.735,1.0001
2.736,0.9403
2.737,0.78691
2.738,0.5496
2.739,0.25115
2.74,-0.08347
2.741,-0.40321
2.742,-0.68311
2.743,-0.88325
2.744,-0.9818
2.745,-0.97948
2.746,-0.87531
2.747,-0.6662
2.748,-0.37813
2.749,-0.06268
2.75,0.27461
2.751,0.57057
2.752,0.79889
2.753,0.9589
2.754,0.98937
2.755,0.94231
2.756,0.75868
2.757,0.50279
2.758,0.20315
2.759,-0.12477
2.76,-0.45512
2.761,-0.7059
2.762,-0.91021
2.763,-1.00329
2.764,-0.96487
2.765,-0.85441
2.766,-0.6306
2.767,-0.33616
2.768,-0.02151
2.769,0.31737
2.77,0.60901
2.771,0.83833
2.772,0.97309
2.773,1.0007
2.774,0.90907
2.775,0.72713
2.776,0.47653
2.777,0.15018
2.778,-0.17769
2.779,-0.47925
2.78,-0.75335
2.781,-0.93191
2.782,-1.00252
2.783,-0.97221
2.784,-0.82085
2.785,-0.59355
2.786,-0.28901
2.787,0.03023
2.788,0.36398
2.789,0.63607
2.79,0.848
2.791,0.97131
2.792,0.99715
2.793,0.89115
2.794,0.71265
2.795,0.43549
2.796,0.10749
2.797,-0.20999
2.798,-0.5314
2.799,-0.77028
2.8,-0.94012
2.801,-1.00861
2.802,-0.94263
2.803,-0.79919
2.804,-0.54979
2.805,-0.25219
2.806,0.06451
2.807,0.38753
2.808,0.6656
2.809,0.88127
2.81,0.98466
2.811,0.97584
2.812,0.87693
2.813,0.66615
2.814,0.38322
2.815,0.07458
2.816,-0.25545
2.817,-0.56624
2.818,-0.79288
2.819,-0.95262
2.82,-0.9944
2.821,-0.92914
2.822,-0.7801
2.823,-0.51616
2.824,-0.21172
2.825,0.12215
2.826,0.42956
2.827,0.70348
2.828,0.90758
2.829,0.98441
2.83,0.96821
2.831,0.85701
2.832,0.64057
2.833,0.34789
2.834,0.02177
2.835,-0.29449
2.836,-0.59132
2.837,-0.81755
2.838,-0.9699
2.839,-0.99451
2.84,-0.91865
2.841,-0.74534
2.842,-0.48979
2.843,-0.16055
2.844,0.1679
2.845,0.48425
2.846,0.73465
2.847,0.91379
2.848,0.99699
2.849,0.96322
2.85,0.8247
2.851,0.59496
2.852,0.31411
2.853,-0.01775
2.854,-0.34355
2.855,-0.62583
2.856,-0.85579
2.857,-0.97783
2.858,-0.99961
2.859,-0.90089
2.86,-0.71702
2.861,-0.44438
2.862,-0.11863
2.863,0.21177
2.864,0.51775
2.865,0.75965
2.866,0.9431
2.867,1.00674
2.868,0.94717
2.869,0.81152
2.87,0.56179
2.871,0.26931
2.872,-0.06507
2.873,-0.3815
2.874,-0.65626
2.875,-0.87364
2.876,-0.99154
2.877,-0.98504
2.878,-0.87544
2.879,-0.68282
2.88,-0.39773
2.881,-0.08984
2.882,0.24608
2.883,0.55239
2.884,0.80199
2.885,0.95007
2.886,1.00047
2.887,0.93897
2.888,0.78755
2.889,0.53018
2.89,0.22291
2.891,-0.1069
2.892,-0.42553
2.893,-0.70037
2.894,-0.89616
2.895,-0.98205
2.896,-0.98909
2.897,-0.85443
2.898,-0.6422
2.899,-0.36819
2.9,-0.0439
2.901,0.28427
2.902,0.58366
2.903,0.8098
2.904,0.95872
2.905,1.00412
2.906,0.93501
2.907,0.7468
2.908,0.50214
2.909,0.18478
2.91,-0.14102
2.911,-0.46539
2.912,-0.72523
2.913,-0.91212
2.914,-0.98749
2.915,-0.96114
2.916,-0.83257
2.917,-0.62028
2.918,-0.32027
2.919,0.0094
2.92,0.33502
2.921,0.62236
2.922,0.83769
2.923,0.98051
2.924,1.00137
2.925,0.90479
2.926,0.73076
2.927,0.45687
2.928,0.14411
2.929,-0.18605
2.93,-0.50805
2.931,-0.76199
2.932,-0.93292
2.933,-0.9903
2.934,-0.96409
2.935,-0.8223
2.936,-0.57327
2.937,-0.28357
2.938,0.05198
2.939,0.3689
2.94,0.65183
2.941,0.86666
2.942,0.9828
2.943,0.9908
2.944,0.88781
2.945,0.68608
2.946,0.41429
2.947,0.10473
2.948,-0.23945
2.949,-0.54609
2.95,-0.78749
2.951,-0.94074
2.952,-0.99118
2.953,-0.94499
2.954,-0.79366
2.955,-0.5435
2.956,-0.24002
2.957,0.0964
2.958,0.42084
2.959,0.6916
2.96,0.885
2.961,0.98294
2.962,0.97797
2.963,0.86352
2.964,0.65592
2.965,0.36605
2.966,0.04247
2.967,-0.28196
2.968,-0.56796
2.969,-0.82138
2.97,-0.96799
2.971,-0.99935
2.972,-0.92783
2.973,-0.76125
2.974,-0.50266
2.975,-0.1921
2.976,0.14025
2.977,0.4594
2.978,0.7151
2.979,0.90724
2.98,1.00273
2.981,0.97511
2.982,0.85184
2.983,0.62794
2.984,0.32532
2.985,0.01111
2.986,-0.3104
2.987,-0.61859
2.988,-0.84098
2.989,-0.97377
2.99,-0.99297
2.991,-0.92006
2.992,-0.73459
2.993,-0.45646
2.994,-0.15398
2.995,0.17398
2.996,0.49621
2.997,0.75833
2.998,0.92833
2.999,0.99969
3.0,0.97196
3.001,0.82195
3.002,0.59776
3.003,0.29493
3.004,-0.03651
3.005,-0.36313
3.006,-0.65343
3.007,-0.85517
3.008,-0.98568
3.009,-0.99955
3.01,-0.90426
3.011,-0.69452
3.012,-0.42311
3.013,-0.11672
3.014,0.21453
3.015,0.53395
3.016,0.77617
3.017,0.94751
3.018,1.0044
3.019,0.94715
3.02,0.80323
3.021,0.5565
3.022,0.24379
3.023,-0.07126
3.024,-0.40404
3.025,-0.67499
3.026,-0.87963
3.027,-0.99628
3.028,-0.97614
3.029,-0.88098
3.03,-0.67409
3.031,-0.37967
3.032,-0.0703
3.033,0.26007
3.034,0.57643
3.035,0.79693
3.036,0.95226
3.037,1.00224
3.038,0.93371
3.039,0.76593
3.04,0.51796
3.041,0.2165
3.042,-0.13085
3.043,-0.44565
3.044,-0.70532
3.045,-0.89578
3.046,-0.99955
3.047,-0.97884
3.048,-0.85968
3.049,-0.628
3.05,-0.34306
3.051,-0.02594
3.052,0.29881
3.053,0.59521
3.054,0.82974
3.055,0.96155
3.056,0.99774
3.057,0.92682
3.058,0.74739
3.059,0.47515
3.06,0.15836
3.061,-0.16874
3.062,-0.48897
3.063,-0.75049
3.064,-0.92696
3.065,-0.9976
3.066,-0.97045
3.067,-0.82879
3.068,-0.59667
3.069,-0.29858
3.07,0.02281
3.071,0.34193
3.072,0.62696
3.073,0.84597
3.074,0.9727
3.075,1.00046
3.076,0.90576
3.077,0.71096
3.078,0.42811
3.079,0.12283
3.08,-0.20682
3.081,-0.52124
3.082,-0.77937
3.083,-0.93131
3.084,-1.00317
3.085,-0.95153
3.086,-0.79402
3.087,-0.57181
3.088,-0.26516
3.089,0.0733
3.09,0.39598
3.091,0.67263
3.092,0.87609
3.093,0.98929
3.094,0.98215
3.095,0.87829
3.096,0.67483
3.097,0.39987
3.098,0.08273
3.099,-0.25749
3.1,-0.5647
3.101,-0.80606
3.102,-0.9436
3.103,-1.0072
3.104,-0.94177
3.105,-0.77858
3.106,-0.52173
3.107,-0.21692
3.108,0.11546
3.109,0.43394
3.11,0.69705
3.111,0.89378
3.112,0.99113
3.113,0.97932
3.114,0.8598
3.115,0.64329
3.116,0.35715
3.117,0.02887
3.118,-0.3004
3.119,-0.5999
3.12,-0.81584
3.121,-0.95518
3.122,-0.99498
3.123,-0.92343
3.124,-0.75496
3.125,-0.49043
3.126,-0.17864
3.127,0.157
3.128,0.47825
3.129,0.73774
3.13,0.91322
3.131,0.99996
3.132,0.96054
3.133,0.82929
3.134,0.61394
3.135,0.31121
3.136,-0.01901
3.137,-0.34652
3.138,-0.62235
3.139,-0.84716
3.14,-0.98328
3.141,-0.99891
3.142,-0.90616
3.143,-0.70976
3.144,-0.44533
3.145,-0.13445
3.146,0.19265
3.147,0.50382
3.148,0.75352
3.149,0.92755
3.15,1.00345
3.151,0.95528
3.152,0.8059
3.153,0.57456
3.154,0.27468
3.155,-0.06147
3.156,-0.37264
3.157,-0.67008
3.158,-0.87195
3.159,-0.97445
3.16,-0.98016
3.161,-0.88558
3.162,-0.67928
3.163,-0.40914
3.164,-0.09591
3.165,0.24762
3.166,0.54648
3.167,0.78374
3.168,0.94601
3.169,0.99611
3.17,0.93486
3.171,0.77408
3.172,0.53832
3.173,0.22507
3.174,-0.09902
3.175,-0.40939
3.176,-0.69498
3.177,-0.88993
3.178,-0.98264
3.179,-0.9803
3.18,-0.86665
3.181,-0.65266
3.182,-0.37218
3.183,-0.04426
3.184,0.27998
3.185,0.5828
3.186,0.82298
3.187,0.9675
3.188,1.00873
3.189,0.92264
3.19,0.74912
3.191,0.50112
3.192,0.1909
3.193,-0.14191
3.194,-0.46853
3.195,-0.73277
3.196,-0.90599
3.197,-0.99829
3.198,-0.97824
3.199,-0.83211
3.2,-0.6093
3.201,-0.33362
3.202,-0.00865
3.203,0.33501
3.204,0.62054
3.205,0.8477
3.206,0.97395
3.207,0.98814
3.208,0.9053
3.209,0.72699
3.21,0.46983
3.211,0.15363
3.212,-0.19261
3.213,-0.50427
3.214,-0.75776
3.215,-0.93287
3.216,-0.99001
3.217,-0.9616
3.218,-0.82617
3.219,-0.59128
3.22,-0.27909
3.221,0.03935
3.222,0.37504
3.223,0.6416
3.224,0.87118
3.225,0.98289
3.226,0.98936
3.227,0.89944
3.228,0.68917
3.229,0.41978
3.23,0.11004
3.231,-0.22142
3.232,-0.52884
3.233,-0.77966
3.234,-0.94231
3.235,-0.98999
3.236,-0.93836
3.237,-0.80002
3.238,-0.55403
3.239,-0.24387
3.24,0.09346
3.241,0.41405
3.242,0.69155
3.243,0.88409
3.244,0.998
3.245,0.98532
3.246,0.86777
3.247,0.66957
3.248,0.37878
3.249,0.05741
3.25,-0.27237
3.251,-0.56362
3.252,-0.80012
3.253,-0.96635
3.254,-0.98967
3.255,-0.92965
3.256,-0.77284
3.257,-0.50942
3.258,-0.19661
3.259,0.12201
3.26,0.45468
3.261,0.7207
3.262,0.89654
3.263,0.99857
3.264,0.9806
3.265,0.85576
3.266,0.62466
3.267,0.32994
3.268,0.0225
3.269,-0.32406
3.27,-0.61226
3.271,-0.83594
3.272,-0.96843
3.273,-1.0002
3.274,-0.9193
3.275,-0.73962
3.276,-0.46406
3.277,-0.1597
3.278,0.17249
3.279,0.48033
3.28,0.75174
3.281,0.93035
3.282,0.9954
3.283,0.9622
3.284,0.81437
3.285,0.58748
3.286,0.29038
3.287,-0.02739
3.288,-0.34839
3.289,-0.64604
3.29,-0.8569
3.291,-0.9704
3.292,-0.98724
3.293,-0.89223
3.294,-0.71161
3.295,-0.42514
3.296,-0.11904
3.297,0.22255
3.298,0.52212
3.299,0.77636
3.3,0.94802
3.301,1.00711
3.302,0.96028
3.303,0.79768
3.304,0.56466
3.305,0.25443
3.306,-0.08037
3.307,-0.38944
3.308,-0.68237
3.309,-0.87738
3.31,-0.97997
3.311,-0.98598
3.312,-0.88037
3.313,-0.67081
3.314,-0.39535
3.315,-0.06104
3.316,0.26351
3.317,0.55185
3.318,0.80319
3.319,0.94514
3.32,0.99966
3.321,0.93041
3.322,0.77299
3.323,0.52226
3.324,0.21436
3.325,-0.11064
3.326,-0.44179
3.327,-0.7083
3.328,-0.89519
3.329,-1.00074
3.33,-0.97216
3.331,-0.84833
3.332,-0.63801
3.333,-0.35055
3.334,-0.02213
3.335,0.29236
3.336,0.58876
3.337,0.82607
3.338,0.96946
3.339,1.0046
3.34,0.92237
3.341,0.7472
3.342,0.48578
3.343,0.17795
3.344,-0.1603
3.345,-0.46616
3.346,-0.7288
3.347,-0.91061
3.348,-1.00292
3.349,-0.96218
3.35,-0.82941
3.351,-0.60933
3.352,-0.31648
3.353,0.01857
3.354,0.34092
3.355,0.63875
3.356,0.85779
3.357,0.97292
3.358,0.99334
3.359,0.91087
3.36,0.70775
3.361,0.43598
3.362,0.1281
3.363,-0.20422
3.364,-0.51533
3.365,-0.76975
3.366,-0.92886
3.367,-1.00453
3.368,-0.95105
3.369,-0.7966
3.37,-0.56818
3.371,-0.27034
3.372,0.06836
3.373,0.37952
3.374,0.65927
3.375,0.87661
3.376,0.98107
3.377,0.98303
3.378,0.87308
3.379,0.68635
3.38,0.40294
3.381,0.09243
3.382,-0.25251
3.383,-0.55937
3.384,-0.78639
3.385,-0.94668
3.386,-0.99983
3.387,-0.94624
3.388,-0.78485
3.389,-0.53845
3.39,-0.21924
3.391,0.10126
3.392,0.4327
3.393,0.7021
3.394,0.88933
3.395,0.99456
3.396,0.98857
3.397,0.86901
3.398,0.64898
3.399,0.363
3.4,0.03259
3.401,-0.28742
3.402,-0.58311
3.403,-0.80959
3.404,-0.95452
3.405,-0.99182
3.406,-0.92672
3.407,-0.75543
3.408,-0.50189
3.409,-0.17476
3.41,0.1403
3.411,0.46898
3.412,0.72794
3.413,0.92053
3.414,1.00082
3.415,0.96096
3.416,0.8422
3.417,0.6103
3.418,0.31394
3.419,-0.00546
3.42,-0.3374
3.421,-0.61829
3.422,-0.85276
3.423,-0.96618
3.424,-0.99354
3.425,-0.90155
3.426,-0.72628
3.427,-0.46064
3.428,-0.13849
3.429,0.18654
3.43,0.51113
3.431,0.75957
3.432,0.93732
3.433,0.99807
3.434,0.95913
3.435,0.81221
3.436,0.58129
3.437,0.27099
3.438,-0.05521
3.439,-0.37573
3.44,-0.64649
3.441,-0.85837
3.442,-0.99085
3.443,-0.99911
3.444,-0.88682
3.445,-0.69978
3.446,-0.41559
3.447,-0.08657
3.448,0.23444
3.449,0.53542
3.45,0.79189
3.451,0.95374
3.452,0.99145
3.453,0.95439
3.454,0.78609
3.455,0.53789
3.456,0.24322
3.457,-0.09494
3.458,-0.41847
3.459,-0.69158
3.46,-0.88611
3.461,-0.99285
3.462,-0.97552
3.463,-0.87416
3.464,-0.6637
3.465,-0.38467
3.466,-0.05168
3.467,0.28487
3.468,0.57317
3.469,0.81044
3.47,0.96293
3.471,1.00068
3.472,0.93638
3.473,0.76792
3.474,0.49844
3.475,0.19286
3.476,-0.13325
3.477,-0.45723
3.478,-0.71729
3.479,-0.90116
3.48,-1.00173
3.481,-0.98023
3.482,-0.852
3.483,-0.61399
3.484,-0.34118
3.485,-0.01038
3.486,0.31562
3.487,0.61392
3.488,0.83699
3.489,0.96117
3.49,0.99767
3.491,0.9188
3.492,0.73689
3.493,0.46397
3.494,0.14625
3.495,-0.18225
3.496,-0.48812
3.497,-0.7516
3.498,-0.93364
3.499,-1.00431
3.5,-0.95506
3.501,-0.81987
3.502,-0.59842
3.503,-0.29783
3.504,0.03627
3.505,0.36032
3.506,0.65544
3.507,0.85886
3.508,0.98057
3.509,0.99723
3.51,0.8938
3.511,0.69911
3.512,0.42469
3.513,0.10155
3.514,-0.22372
3.515,-0.53176
3.516,-0.76993
3.517,-0.94273
3.518,-1.00625
3.519,-0.95782
3.52,-0.80277
3.521,-0.5456
3.522,-0.24046
3.523,0.08195
3.524,0.39415
3.525,0.68659
3.526,0.87462
3.527,0.9825
3.528,0.98862
3.529,0.87645
3.53,0.67577
3.531,0.39339
3.532,0.0542
3.533,-0.27087
3.534,-0.56016
3.535,-0.81034
3.536,-0.95726
3.537,-0.99759
3.538,-0.93708
3.539,-0.76817
3.54,-0.52483
3.541,-0.2069
3.542,0.1179
3.543,0.43235
3.544,0.70893
3.545,0.8976
3.546,0.99016
3.547,0.96724
3.548,0.86126
3.549,0.63331
3.55,0.33989
3.551,0.01013
3.552,-0.30796
3.553,-0.6073
3.554,-0.83579
3.555,-0.96365
3.556,-0.98841
3.557,-0.90874
3.558,-0.73962
3.559,-0.47447
3.56,-0.16554
3.561,0.17322
3.562,0.48764
3.563,0.74166
3.564,0.91743
3.565,1.00168
3.566,0.97238
3.567,0.8299
3.568,0.60732
3.569,0.29663
3.57,-0.02975
3.571,-0.35936
3.572,-0.63975
3.573,-0.85723
3.574,-0.9734
3.575,-0.99591
3.576,-0.90866
3.577,-0.71634
3.578,-0.4387
3.579,-0.12901
3.58,0.21528
3.581,0.51762
3.582,0.77372
3.583,0.92711
3.584,1.00816
3.585,0.95781
3.586,0.79901
3.587,0.55834
3.588,0.25544
3.589,-0.07076
3.59,-0.38055
3.591,-0.6619
3.592,-0.87336
3.593,-0.98911
3.594,-0.99676
3.595,-0.87558
3.596,-0.68501
3.597,-0.3987
3.598,-0.086
3.599,0.26174
3.6,0.56048
3.601,0.79184
3.602,0.95596
3.603,0.99133
3.604,0.93296
3.605,0.7699
3.606,0.52831
3.607,0.22152
3.608,-0.12058
3.609,-0.42471
3.61,-0.69261
3.611,-0.89448
3.612,-0.9891
3.613,-0.97675
3.614,-0.85034
3.615,-0.63441
3.616,-0.36679
3.617,-0.04062
3.618,0.30248
3.619,0.59402
3.62,0.82956
3.621,0.9673
3.622,0.99715
3.623,0.92844
3.624,0.7469
3.625,0.48683
3.626,0.17412
3.627,-0.1595
3.628,-0.47971
3.629,-0.73819
3.63,-0.90866
3.631,-1.00557
3.632,-0.97017
3.633,-0.84164
3.634,-0.60588
3.635,-0.32187
3.636,0.01551
3.637,0.34214
3.638,0.61797
3.639,0.84664
3.64,0.96493
3.641,0.99873
3.642,0.90451
3.643,0.71257
3.644,0.44003
3.645,0.14029
3.646,-0.1892
3.647,-0.50152
3.648,-0.75184
3.649,-0.93846
3.65,-1.00836
3.651,-0.94986
3.652,-0.80229
3.653,-0.56972
3.654,-0.27937
3.655,0.05592
3.656,0.37674
3.657,0.6611
3.658,0.86131
3.659,0.97775
3.66,0.9925
3.661,0.88394
3.662,0.68356
3.663,0.41888
3.664,0.08045
3.665,-0.24893
3.666,-0.5512
3.667,-0.78383
3.668,-0.93935
3.669,-1.00461
3.67,-0.95002
3.671,-0.78484
3.672,-0.54654
3.673,-0.22341
3.674,0.09171
3.675,0.42735
3.676,0.69301
3.677,0.88459
3.678,0.98908
3.679,0.97271
3.68,0.85619
3.681,0.65845
3.682,0.37812
3.683,0.05056
3.684,-0.29122
3.685,-0.57904
3.686,-0.81942
3.687,-0.95332
3.688,-0.99366
3.689,-0.92393
3.69,-0.75985
3.691,-0.50261
3.692,-0.1785
3.693,0.15089
3.694,0.45332
3.695,0.72589
3.696,0.91096
3.697,0.9922
3.698,0.97583
3.699,0.84882
3.7,0.61944
3.701,0.33668
3.702,0.00837
3.703,-0.32972
3.704,-0.61859
3.705,-0.84226
3.706,-0.97819
3.707,-0.99151
3.708,-0.90162
3.709,-0.71717
3.71,-0.4688
3.711,-0.14319
3.712,0.17956
3.713,0.49661
3.714,0.76314
3.715,0.93549
3.716,0.9919
3.717,0.9578
3.718,0.82264
3.719,0.57871
3.72,0.29263
3.721,-0.04835
3.722,-0.36829
3.723,-0.64826
3.724,-0.87273
3.725,-0.97699
3.726,-0.9999
3.727,-0.88165
3.728,-0.70236
3.729,-0.42188
3.73,-0.09968
3.731,0.23061
3.732,0.53574
3.733,0.79016
3.734,0.93992
3.735,1.00405
3.736,0.93742
3.737,0.79092
3.738,0.55701
3.739,0.25279
3.74,-0.0811
3.741,-0.39783
3.742,-0.68912
3.743,-0.89135
3.744,-0.99092
3.745,-0.98886
3.746,-0.86901
3.747,-0.65602
3.748,-0.37971
3.749,-0.05787
3.75,0.27143
3.751,0.5633
3.752,0.80489
3.753,0.96317
3.754,1.00193
3.755,0.92756
3.756,0.7708
3.757,0.51955
3.758,0.20736
3.759,-0.12966
3.76,-0.44881
3.761,-0.72229
3.762,-0.9011
3.763,-0.99735
3.764,-0.96832
3.765,-0.85686
3.766,-0.63025
3.767,-0.34455
3.768,-0.02096
3.769,0.3202
3.77,0.61513
3.771,0.82937
3.772,0.97162
3.773,1.00035
3.774,0.91615
3.775,0.74031
3.776,0.47382
3.777,0.15008
3.778,-0.17231
3.779,-0.49343
3.78,-0.74058
3.781,-0.91949
3.782,-0.99888
3.783,-0.9551
3.784,-0.83255
3.785,-0.599
3.786,-0.2953
3.787,0.03432
3.788,0.35151
3.789,0.6409
3.79,0.84793
3.791,0.98484
3.792,0.98386
3.793,0.90453
3.794,0.70476
3.795,0.42623
3.796,0.1208
3.797,-0.22014
3.798,-0.51486
3.799,-0.77371
3.8,-0.94584
3.801,-0.99362
3.802,-0.94514
3.803,-0.7962
3.804,-0.55506
3.805,-0.24586
3.806,0.08209
3.807,0.39934
3.808,0.67505
3.809,0.88195
3.81,0.98762
3.811,0.98205
3.812,0.87948
3.813,0.66991
3.814,0.38858
3.815,0.06802
3.816,-0.25588
3.817,-0.56892
3.818,-0.80771
3.819,-0.96252
3.82,-0.99431
3.821,-0.9282
3.822,-0.7782
3.823,-0.51605
3.824,-0.21548
3.825,0.1241
3.826,0.42805
3.827,0.71058
3.828,0.89017
3.829,0.98363
3.83,0.98092
3.831,0.84874
3.832,0.64669
3.833,0.34664
3.834,0.02235
3.835,-0.30651
3.836,-0.60407
3.837,-0.82341
3.838,-0.96489
3.839,-0.99922
3.84,-0.91595
3.841,-0.74354
3.842,-0.47992
3.843,-0.17471
3.844,0.15627
3.845,0.48197
3.846,0.74339
3.847,0.91033
3.848,1.0027
3.849,0.96854
3.85,0.82448
3.851,0.59479
3.852,0.31968
3.853,-0.01878
3.854,-0.34501
3.855,-0.62291
3.856,-0.85557
3.857,-0.9779
3.858,-0.99298
3.859,-0.89955
3.86,-0.72154
3.861,-0.44864
3.862,-0.12931
3.863,0.21025
3.864,0.52336
3.865,0.76108
3.866,0.92687
3.867,1.00675
3.868,0.95308
3.869,0.81372
3.87,0.56684
3.871,0.26702
3.872,-0.06646
3.873,-0.39137
3.874,-0.67225
3.875,-0.88118
3.876,-0.97967
3.877,-0.97944
3.878,-0.88383
3.879,-0.68947
3.88,-0.39908
3.881,-0.09027
3.882,0.24886
3.883,0.55725
3.884,0.78842
3.885,0.94384
3.886,1.00622
3.887,0.94097
3.888,0.7862
3.889,0.52205
3.89,0.22128
3.891,-0.10604
3.892,-0.4187
3.893,-0.69243
3.894,-0.90046
3.895,-0.99201
3.896,-0.98154
3.897,-0.86582
3.898,-0.63963
3.899,-0.37248
3.9,-0.04319
3.901,0.29761
3.902,0.58606
3.903,0.82498
3.904,0.96353
3.905,0.99759
3.906,0.92768
3.907,0.74894
3.908,0.50011
3.909,0.18897
3.91,-0.13951
3.911,-0.4642
3.912,-0.72939
3.913,-0.92126
3.914,-0.99268
3.915,-0.96129
3.916,-0.84328
3.917,-0.61498
3.918,-0.3124
3.919,-0.00207
3.92,0.34111
3.921,0.62486
3.922,0.85137
3.923,0.97167
3.924,0.98742
3.925,0.90429
3.926,0.72614
3.927,0.464
3.928,0.14345
3.929,-0.19572
3.93,-0.50501
3.931,-0.74988
3.932,-0.93496
3.933,-1.00267
3.934,-0.95356
3.935,-0.81984
3.936,-0.58815
3.937,-0.28568
3.938,0.04847
3.939,0.36646
3.94,0.66477
3.941,0.87496
3.942,0.97816
3.943,0.99459
3.944,0.88466
3.945,0.6824
3.946,0.40992
3.947,0.09607
3.948,-0.22901
3.949,-0.54761
3.95,-0.78911
3.951,-0.93993
3.952,-0.99535
3.953,-0.95194
3.954,-0.7778
3.955,-0.54456
3.956,-0.23641
3.957,0.09804
3.958,0.41492
3.959,0.6874
3.96,0.88287
3.961,0.9818
3.962,0.99102
3.963,0.86697
3.964,0.64738
3.965,0.37056
3.966,0.05853
3.967,-0.26937
3.968,-0.572
3.969,-0.81255
3.97,-0.9675
3.971,-0.9916
3.972,-0.92534
3.973,-0.76475
3.974,-0.50293
3.975,-0.20158
3.976,0.14379
3.977,0.44538
3.978,0.72167
3.979,0.91486
3.98,0.99954
3.981,0.96966
3.982,0.84916
3.983,0.61506
3.984,0.32655
3.985,0.0127
3.986,-0.32294
3.987,-0.621
3.988,-0.83498
3.989,-0.97286
3.99,-1.00157
3.991,-0.91702
3.992,-0.73581
3.993,-0.46424
3.994,-0.15147
3.995,0.17479
3.996,0.49364
3.997,0.75613
3.998,0.93322
3.999,1.00344
4.0,0.95815
4.001,0.81528
4.002,0.59537
4.003,0.29889
4.004,-0.04228
4.005,-0.36406
4.006,-0.64217
4.007,-0.86927
4.008,-0.98783
4.009,-0.99439
4.01,-0.89969
4.011,-0.70124
4.012,-0.42068
4.013,-0.10975
4.014,0.22618
4.015,0.52601
4.016,0.78699
4.017,0.93404
4.018,0.9955
4.019,0.95133
4.02,0.80143
4.021,0.54319
4.022,0.25231
4.023,-0.07211
4.024,-0.41202
4.025,-0.6884
4.026,-0.89143
4.027,-0.97878
4.028,-0.99377
4.029,-0.88325
4.03,-0.67094
4.031,-0.3889
4.032,-0.07079
4.033,0.26723
4.034,0.55864
4.035,0.80619
4.036,0.95506
4.037,0.99871
4.038,0.93575
4.039,0.77421
4.04,0.51215
4.041,0.19863
4.042,-0.12567
4.043,-0.43367
4.044,-0.70835
4.045,-0.90353
4.046,-0.99211
4.047,-0.9704
4.048,-0.85841
4.049,-0.62616
4.05,-0.35019
4.051,-0.02729
4.052,0.31067
4.053,0.5936
4.054,0.83968
4.055,0.96946
4.056,0.99746
4.057,0.91541
4.058,0.74397
4.059,0.48227
4.06,0.16256
4.061,-0.17099
4.062,-0.48544
4.063,-0.73578
4.064,-0.92287
4.065,-0.99581
4.066,-0.96577
4.067,-0.81792
4.068,-0.59368
4.069,-0.29674
4.07,0.01583
4.071,0.34515
4.072,0.6361
4.073,0.86091
4.074,0.96784
4.075,0.99926
4.076,0.896
4.077,0.70369
4.078,0.42991
4.079,0.12164
4.08,-0.2137
4.081,-0.51801
4.082,-0.77312
4.083,-0.93021
4.084,-1.00101
4.085,-0.95951
4.086,-0.81127
4.087,-0.57209
4.088,-0.26464
4.089,0.06791
4.09,0.38881
4.091,0.67302
4.092,0.86692
4.093,0.97625
4.094,0.98495
4.095,0.87065
4.096,0.68433
4.097,0.40477
4.098,0.08197
4.099,-0.24914
4.1,-0.55067
4.101,-0.803
4.102,-0.9493
4.103,-0.99875
4.104,-0.9415
4.105,-0.76844
4.106,-0.53023
4.107,-0.22194
4.108,0.10466
4.109,0.42403
4.11,0.70729
4.111,0.89026
4.112,1.00124
4.113,0.97772
4.114,0.86697
4.115,0.64084
4.116,0.35543
4.117,0.03309
4.118,-0.29019
4.119,-0.58414
4.12,-0.82
4.121,-0.97082
4.122,-1.00288
4.123,-0.91714
4.124,-0.74331
4.125,-0.49687
4.126,-0.18157
4.127,0.16137
4.128,0.47876
4.129,0.73827
4.13,0.92133
4.131,1.00247
4.132,0.96055
4.133,0.83922
4.134,0.60289
4.135,0.30928
4.136,-0.01359
4.137,-0.3371
4.138,-0.63567
4.139,-0.85097
4.14,-0.97364
4.141,-0.98861
4.142,-0.90929
4.143,-0.7211
4.144,-0.45707
4.145,-0.14168
4.146,0.19226
4.147,0.51078
4.148,0.75344
4.149,0.92916
4.15,0.99912
4.151,0.95752
4.152,0.81536
4.153,0.56382
4.154,0.2733
4.155,-0.05209
4.156,-0.3694
4.157,-0.65097
4.158,-0.8672
4.159,-0.97561
4.16,-0.99629
4.161,-0.88119
4.162,-0.67682
4.163,-0.40836
4.164,-0.08897
4.165,0.23452
4.166,0.54079
4.167,0.78951
4.168,0.94847
4.169,0.99535
4.17,0.94277
4.171,0.79271
4.172,0.54635
4.173,0.23517
4.174,-0.09227
4.175,-0.41959
4.176,-0.68349
4.177,-0.88982
4.178,-0.99692
4.179,-0.98842
4.18,-0.85561
4.181,-0.64278
4.182,-0.37423
4.183,-0.05255
4.184,0.27746
4.185,0.59019
4.186,0.81907
4.187,0.9629
4.188,0.99175
4.189,0.92421
4.19,0.75262
4.191,0.50076
4.192,0.18831
4.193,-0.14108
4.194,-0.45801
4.195,-0.7247
4.196,-0.91596
4.197,-0.98784
4.198,-0.97312
4.199,-0.84919
4.2,-0.6088
4.201,-0.33119
4.202,-0.00496
4.203,0.32038
4.204,0.62621
4.205,0.84564
4.206,0.97256
4.207,0.98761
4.208,0.9064
4.209,0.71645
4.21,0.46151
4.211,0.14016
4.212,-0.17922
4.213,-0.49746
4.214,-0.74483
4.215,-0.93386
4.216,-0.99882
4.217,-0.96817
4.218,-0.81401
4.219,-0.58749
4.22,-0.28608
4.221,0.04071
4.222,0.36057
4.223,0.65571
4.224,0.86507
4.225,0.98804
4.226,0.99913
4.227,0.89215
4.228,0.69556
4.229,0.41798
4.23,0.10651
4.231,-0.238
4.232,-0.5334
4.233,-0.78391
4.234,-0.93499
4.235,-1.00543
4.236,-0.93771
4.237,-0.79749
4.238,-0.55117
4.239,-0.25178
4.24,0.08761
4.241,0.40535
4.242,0.68634
4.243,0.89276
4.244,0.98217
4.245,0.97856
4.246,0.86656
4.247,0.66016
4.248,0.38276
4.249,0.05166
4.25,-0.26347
4.251,-0.56854
4.252,-0.8072
4.253,-0.96201
4.254,-0.98972
4.255,-0.93744
4.256,-0.75336
4.257,-0.50984
4.258,-0.20396
4.259,0.12927
4.26,0.45525
4.261,0.71058
4.262,0.90212
4.263,0.98729
4.264,0.9748
4.265,0.84445
4.266,0.62479
4.267,0.34356
4.268,0.01312
4.269,-0.31408
4.27,-0.61488
4.271,-0.84241
4.272,-0.96657
4.273,-0.99858
4.274,-0.90695
4.275,-0.73272
4.276,-0.47701
4.277,-0.15463
4.278,0.16492
4.279,0.48108
4.28,0.75407
4.281,0.92143
4.282,1.00095
4.283,0.9704
4.284,0.82538
4.285,0.5984
4.286,0.2913
4.287,-0.03258
4.288,-0.35982
4.289,-0.64517
4.29,-0.85203
4.291,-0.96977
4.292,-0.98543
4.293,-0.89093
4.294,-0.69747
4.295,-0.4359
4.296,-0.10992
4.297,0.21193
4.298,0.51441
4.299,0.77741
4.3,0.94771
4.301,1.00617
4.302,0.96104
4.303,0.78951
4.304,0.566
4.305,0.2589
4.306,-0.08051
4.307,-0.40255
4.308,-0.6756
4.309,-0.87949
4.31,-0.97696
4.311,-0.98162
4.312,-0.87898
4.313,-0.67901
4.314,-0.39155
4.315,-0.06672
4.316,0.26718
4.317,0.55208
4.318,0.80771
4.319,0.95567
4.32,0.99363
4.321,0.93186
4.322,0.76184
4.323,0.51595
4.324,0.21875
4.325,-0.1269
4.326,-0.42845
4.327,-0.70753
4.328,-0.90372
4.329,-1.00114
4.33,-0.9792
4.331,-0.85716
4.332,-0.64225
4.333,-0.3569
4.334,-0.0268
4.335,0.30999
4.336,0.58881
4.337,0.8307
4.338,0.95558
4.339,1.00718
4.34,0.91522
4.341,0.74244
4.342,0.48728
4.343,0.16636
4.344,-0.16306
4.345,-0.47812
4.346,-0.74085
4.347,-0.91426
4.348,-0.99114
4.349,-0.97387
4.35,-0.83218
4.351,-0.60756
4.352,-0.30407
4.353,0.02564
4.354,0.33935
4.355,0.63587
4.356,0.85601
4.357,0.98046
4.358,0.99647
4.359,0.90624
4.36,0.70999
4.361,0.43897
4.362,0.11927
4.363,-0.21144
4.364,-0.50491
4.365,-0.76284
4.366,-0.94026
4.367,-0.99377
4.368,-0.95859
4.369,-0.80506
4.37,-0.57601
4.371,-0.2777
4.372,0.05778
4.373,0.38824
4.374,0.66132
4.375,0.86309
4.376,0.9878
4.377,0.98005
4.378,0.89256
4.379,0.68676
4.38,0.41344
4.381,0.08575
4.382,-0.24168
4.383,-0.55964
4.384,-0.79795
4.385,-0.94427
4.386,-0.99804
4.387,-0.94702
4.388,-0.77839
4.389,-0.53661
4.39,-0.23107
4.391,0.10357
4.392,0.42467
4.393,0.69493
4.394,0.89173
4.395,0.99924
4.396,0.98791
4.397,0.85737
4.398,0.63793
4.399,0.37128
4.4,0.03036
4.401,-0.29184
4.402,-0.58504
4.403,-0.82388
4.404,-0.95858
4.405,-0.99359
4.406,-0.92397
4.407,-0.7534
4.408,-0.48736
4.409,-0.17983
4.41,0.14975
4.411,0.46453
4.412,0.73051
4.413,0.91226
4.414,0.9945
4.415,0.97879
4.416,0.83427
4.417,0.60642
4.418,0.31553
4.419,0.00413
4.42,-0.33887
4.421,-0.62014
4.422,-0.8469
4.423,-0.97107
4.424,-1.00113
4.425,-0.90088
4.426,-0.72372
4.427,-0.46374
4.428,-0.14337
4.429,0.18336
4.43,0.50835
4.431,0.76163
4.432,0.93451
4.433,1.0074
4.434,0.95743
4.435,0.81882
4.436,0.56872
4.437,0.28285
4.438,-0.04048
4.439,-0.37069
4.44,-0.6464
4.441,-0.86252
4.442,-0.99118
4.443,-0.98436
4.444,-0.88554
4.445,-0.68147
4.446,-0.42061
4.447,-0.10389
4.448,0.24165
4.449,0.54781
4.45,0.78592
4.451,0.94625
4.452,0.99064
4.453,0.93683
4.454,0.78329
4.455,0.54176
4.456,0.24296
4.457,-0.0878
4.458,-0.40393
4.459,-0.69382
4.46,-0.89766
4.461,-0.98618
4.462,-0.98189
4.463,-0.86875
4.464,-0.64779
4.465,-0.37921
4.466,-0.04629
4.467,0.2756
4.468,0.57037
4.469,0.80365
4.47,0.96334
4.471,0.99735
4.472,0.93373
4.473,0.76371
4.474,0.49592
4.475,0.1921
4.476,-0.14158
4.477,-0.45652
4.478,-0.72014
4.479,-0.91568
4.48,-0.99671
4.481,-0.97007
4.482,-0.8459
4.483,-0.61383
4.484,-0.3342
4.485,0.00266
4.486,0.32679
4.487,0.61068
4.488,0.83312
4.489,0.97837
4.49,0.99657
4.491,0.92074
4.492,0.73096
4.493,0.46433
4.494,0.15398
4.495,-0.17061
4.496,-0.48847
4.497,-0.75796
4.498,-0.92848
4.499,-0.99507
4.5,-0.96197
4.501,-0.81443
4.502,-0.58028
4.503,-0.29072
4.504,0.03131
4.505,0.36068
4.506,0.65452
4.507,0.87024
4.508,0.97572
4.509,0.98759
4.51,0.90111
4.511,0.69724
4.512,0.43459
4.513,0.09869
4.514,-0.2257
4.515,-0.52767
4.516,-0.77966
4.517,-0.93184
4.518,-0.99763
4.519,-0.94102
4.52,-0.78478
4.521,-0.54886
4.522,-0.2466
4.523,0.08017
4.524,0.39287
4.525,0.68158
4.526,0.87764
4.527,0.99598
4.528,0.98258
4.529,0.86866
4.53,0.66764
4.531,0.39544
4.532,0.07243
4.533,-0.26537
4.534,-0.56617
4.535,-0.81284
4.536,-0.94978
4.537,-1.00136
4.538,-0.94454
4.539,-0.7717
4.54,-0.52179
4.541,-0.1971
4.542,0.12247
4.543,0.45072
4.544,0.70391
4.545,0.90234
4.546,0.99925
4.547,0.96891
4.548,0.8535
4.549,0.6251
4.55,0.34006
4.551,0.01104
4.552,-0.30724
4.553,-0.59598
4.554,-0.83036
4.555,-0.95995
4.556,-0.99133
4.557,-0.92584
4.558,-0.7297
4.559,-0.46995
4.56,-0.17248
4.561,0.16748
4.562,0.47632
4.563,0.73826
4.564,0.92218
4.565,0.9968
4.566,0.96665
4.567,0.81926
4.568,0.59084
4.569,0.3094
4.57,-0.0255
4.571,-0.35011
4.572,-0.64132
4.573,-0.86268
4.574,-0.97467
4.575,-1.00264
4.576,-0.90367
4.577,-0.71334
4.578,-0.43063
4.579,-0.12588
4.58,0.20139
4.581,0.51503
4.582,0.77158
4.583,0.94341
4.584,0.9919
4.585,0.96159
4.586,0.80475
4.587,0.55706
4.588,0.25639
4.589,-0.06609
4.59,-0.39976
4.591,-0.66285
4.592,-0.87147
4.593,-0.98258
4.594,-0.99434
4.595,-0.87557
4.596,-0.67069
4.597,-0.40225
4.598,-0.08095
4.599,0.24755
4.6,0.55643
4.601,0.79345
4.602,0.95606
4.603,1.00568
4.604,0.93421
4.605,0.77685
4.606,0.52967
4.607,0.21632
4.608,-0.10606
4.609,-0.43005
4.61,-0.70907
4.611,-0.90486
4.612,-0.99231
4.613,-0.97111
4.614,-0.86606
4.615,-0.64447
4.616,-0.35007
4.617,-0.0339
4.618,0.29693
4.619,0.5831
4.62,0.83295
4.621,0.97157
4.622,1.00616
4.623,0.91373
4.624,0.73902
4.625,0.49622
4.626,0.16891
4.627,-0.15524
4.628,-0.46009
4.629,-0.7341
4.63,-0.91626
4.631,-0.99146
4.632,-0.96356
4.633,-0.82618
4.634,-0.6095
4.635,-0.32341
4.636,0.01777
4.637,0.34105
4.638,0.61875
4.639,0.8437
4.64,0.97664
4.641,0.98615
4.642,0.90854
4.643,0.71855
4.644,0.45244
4.645,0.13102
4.646,-0.20643
4.647,-0.50322
4.648,-0.76578
4.649,-0.94089
4.65,-0.99087
4.651,-0.96502
4.652,-0.81764
4.653,-0.5824
4.654,-0.27452
4.655,0.05692
4.656,0.38422
4.657,0.66899
4.658,0.86482
4.659,0.97342
4.66,0.99386
4.661,0.89536
4.662,0.67665
4.663,0.40938
4.664,0.08803
4.665,-0.24516
4.666,-0.55474
4.667,-0.78815
4.668,-0.94677
4.669,-0.99886
4.67,-0.94453
4.671,-0.77385
4.672,-0.53003
4.673,-0.22597
4.674,0.09776
4.675,0.41467
4.676,0.6833
4.677,0.89681
4.678,0.98206
4.679,0.99087
4.68,0.87147
4.681,0.65812
4.682,0.368
4.683,0.04547
4.684,-0.29121
4.685,-0.57597
4.686,-0.81309
4.687,-0.95941
4.688,-0.99571
4.689,-0.93393
4.69,-0.74495
4.691,-0.50292
4.692,-0.18675
4.693,0.13604
4.694,0.46585
4.695,0.71606
4.696,0.91842
4.697,0.98567
4.698,0.9648
4.699,0.83742
4.7,0.61814
4.701,0.31815
4.702,0.00149
4.703,-0.32915
4.704,-0.6243
4.705,-0.83233
4.706,-0.97349
4.707,-0.98713
4.708,-0.9174
4.709,-0.72944
4.71,-0.46168
4.711,-0.13541
4.712,0.19034
4.713,0.50245
4.714,0.75408
4.715,0.92539
4.716,1.00841
4.717,0.96813
4.718,0.8073
4.719,0.57883
4.72,0.2892
4.721,-0.04911
4.722,-0.36183
4.723,-0.65801
4.724,-0.85376
4.725,-0.98241
4.726,-0.99929
4.727,-0.88209
4.728,-0.69377
4.729,-0.42599
4.73,-0.09146
4.731,0.22285
4.732,0.53756
4.733,0.77879
4.734,0.9332
4.735,1.00935
4.736,0.94672
4.737,0.79932
4.738,0.55322
4.739,0.2383
4.74,-0.08058
4.741,-0.41765
4.742,-0.68165
4.743,-0.89327
4.744,-0.99501
4.745,-0.98099
4.746,-0.87946
4.747,-0.67052
4.748,-0.38959
4.749,-0.05534
4.75,0.28187
4.751,0.5756
4.752,0.8161
4.753,0.95028
4.754,1.00594
4.755,0.92845
4.756,0.75871
4.757,0.50568
4.758,0.19704
4.759,-0.13675
4.76,-0.45569
4.761,-0.71775
4.762,-0.90198
4.763,-1.00103
4.764,-0.97512
4.765,-0.84714
4.766,-0.62752
4.767,-0.34736
4.768,-0.00565
4.769,0.31181
4.77,0.61128
4.771,0.83526
4.772,0.95849
4.773,1.00673
4.774,0.91766
4.775,0.73572
4.776,0.47989
4.777,0.15083
4.778,-0.18073
4.779,-0.4836
4.78,-0.75282
4.781,-0.93094
4.782,-0.99373
4.783,-0.96037
4.784,-0.82586
4.785,-0.59647
4.786,-0.29649
4.787,0.02219
4.788,0.35729
4.789,0.65093
4.79,0.86098
4.791,0.98049
4.792,0.98902
4.793,0.90593
4.794,0.6995
4.795,0.42679
4.796,0.12025
4.797,-0.2221
4.798,-0.52919
4.799,-0.76856
4.8,-0.94747
4.801,-1.00049
4.802,-0.95418
4.803,-0.80102
4.804,-0.561
4.805,-0.25798
4.806,0.08418
4.807,0.39804
4.808,0.66949
4.809,0.88834
4.81,0.98463
4.811,0.97887
4.812,0.87505
4.813,0.66996
4.814,0.40192
4.815,0.07347
4.816,-0.25916
4.817,-0.55712
4.818,-0.80315
4.819,-0.94808
4.82,-1.00438
4.821,-0.93212
4.822,-0.77667
4.823,-0.51568
4.824,-0.20571
4.825,0.11721
4.826,0.43415
4.827,0.69841
4.828,0.89064
4.829,0.98325
4.83,0.97292
4.831,0.85154
4.832,0.63652
4.833,0.34572
4.834,0.02391
4.835,-0.30434
4.836,-0.60226
4.837,-0.82428
4.838,-0.96645
4.839,-1.00443
4.84,-0.91987
4.841,-0.73261
4.842,-0.48537
4.843,-0.17466
4.844,0.16784
4.845,0.48021
4.846,0.7432
4.847,0.91818
4.848,1.00328
4.849,0.97376
4.85,0.8372
4.851,0.59701
4.852,0.30331
4.853,-0.01892
4.854,-0.34724
4.855,-0.63229
4.856,-0.85418
4.857,-0.98058
4.858,-0.99187
4.859,-0.89417
4.86,-0.72194
4.861,-0.44654
4.862,-0.12036
4.863,0.20964
4.864,0.52079
4.865,0.77331
4.866,0.92574
4.867,0.99541
4.868,0.95001
4.869,0.79905
4.87,0.56307
4.871,0.25908
4.872,-0.0604
4.873,-0.39358
4.874,-0.66554
4.875,-0.8665
4.876,-0.99246
4.877,-0.98366
4.878,-0.88446
4.879,-0.68247
4.88,-0.41236
4.881,-0.08084
4.882,0.24591
4.883,0.54756
4.884,0.78743
4.885,0.95506
4.886,0.99812
4.887,0.93417
4.888,0.78747
4.889,0.52236
4.89,0.22287
4.891,-0.09792
4.892,-0.42192
4.893,-0.69021
4.894,-0.89519
4.895,-0.98459
4.896,-0.97879
4.897,-0.85746
4.898,-0.65024
4.899,-0.36536
4.9,-0.04828
4.901,0.29757
4.902,0.58155
4.903,0.81681
4.904,0.95565
4.905,1.00079
4.906,0.91547
4.907,0.74578
4.908,0.49569
4.909,0.18317
4.91,-0.14438
4.911,-0.4592
4.912,-0.72734
4.913,-0.90671
4.914,-0.99954
4.915,-0.96076
4.916,-0.83692
4.917,-0.60883
4.918,-0.32936
4.919,0.00414
4.92,0.33065
4.921,0.61611
4.922,0.83446
4.923,0.96523
4.924,0.98751
4.925,0.90422
4.926,0.71429
4.927,0.44748
4.928,0.14093
4.929,-0.18347
4.93,-0.49614
4.931,-0.75977
4.932,-0.92175
4.933,-0.98933
4.934,-0.95853
4.935,-0.8069
4.936,-0.57421
4.937,-0.28635
4.938,0.04054
4.939,0.37876
4.94,0.66096
4.941,0.86985
4.942,0.98915
4.943,0.99655
4.944,0.88282
4.945,0.69514
4.946,0.41774
4.947,0.09736
4.948,-0.23127
4.949,-0.54781
4.95,-0.77669
4.951,-0.94085
4.952,-1.00817
4.953,-0.95096
4.954,-0.78124
4.955,-0.54446
4.956,-0.23874
4.957,0.10262
4.958,0.41771
4.959,0.69617
4.96,0.88075
4.961,0.99513
4.962,0.99131
4.963,0.85926
4.964,0.66033
4.965,0.37499
4.966,0.05766
4.967,-0.27115
4.968,-0.58554
4.969,-0.8161
4.97,-0.94993
4.971,-0.99589
4.972,-0.93206
4.973,-0.75075
4.974,-0.50034
4.975,-0.19801
4.976,0.13976
4.977,0.44471
4.978,0.71573
4.979,0.91489
4.98,0.98526
4.981,0.97681
4.982,0.8527
4.983,0.63316
4.984,0.32752
4.985,-0.00033
4.986,-0.31527
4.987,-0.61319
4.988,-0.83483
4.989,-0.96686
4.99,-0.99947
4.991,-0.90883
4.992,-0.7384
4.993,-0.46206
4.994,-0.15342
4.995,0.17872
4.996,0.50085
4.997,0.74441
4.998,0.9154
4.999,1.00761
